name, column_name, n_tuples,n_attributes,p_num_var,p_cat_var,p_duplicates,total_size,column_uniqueness,column_density,column_entropy,p_correlated_features,max_pearson,min_pearson,column_type,mean,std,%missing,ML_ALGORITHM,BEST_METHOD
iris,sepal_length,150,5,1.0,0.0,0.02,6128,0.2333,0.0644,3.3424,0.8,0.9628,-0.4205,numerical,5.8433,0.8281,0.4942,dt,impute_bfill
iris,sepal_length,150,5,1.0,0.0,0.02,6128,0.2333,0.0644,3.3424,0.8,0.9628,-0.4205,numerical,5.8433,0.8281,0.4017,dt,impute_bfill
iris,sepal_length,150,5,1.0,0.0,0.02,6128,0.2333,0.0644,3.3424,0.8,0.9628,-0.4205,numerical,5.8433,0.8281,0.2892,dt,impute_linear_regression
iris,sepal_length,150,5,1.0,0.0,0.02,6128,0.2333,0.0644,3.3424,0.8,0.9628,-0.4205,numerical,5.8433,0.8281,0.21,dt,no_impute
iris,sepal_length,150,5,1.0,0.0,0.02,6128,0.2333,0.0644,3.3424,0.8,0.9628,-0.4205,numerical,5.8433,0.8281,0.0917,dt,impute_knn
iris,sepal_length,150,5,1.0,0.0,0.02,6128,0.2333,0.0644,3.3424,0.8,0.9628,-0.4205,numerical,5.8433,0.8281,0.4942,lr,impute_bfill
iris,sepal_length,150,5,1.0,0.0,0.02,6128,0.2333,0.0644,3.3424,0.8,0.9628,-0.4205,numerical,5.8433,0.8281,0.4017,lr,impute_bfill
iris,sepal_length,150,5,1.0,0.0,0.02,6128,0.2333,0.0644,3.3424,0.8,0.9628,-0.4205,numerical,5.8433,0.8281,0.2892,lr,impute_bfill
iris,sepal_length,150,5,1.0,0.0,0.02,6128,0.2333,0.0644,3.3424,0.8,0.9628,-0.4205,numerical,5.8433,0.8281,0.21,lr,impute_bfill
iris,sepal_length,150,5,1.0,0.0,0.02,6128,0.2333,0.0644,3.3424,0.8,0.9628,-0.4205,numerical,5.8433,0.8281,0.0917,lr,impute_bfill
iris,sepal_length,150,5,1.0,0.0,0.02,6128,0.2333,0.0644,3.3424,0.8,0.9628,-0.4205,numerical,5.8433,0.8281,0.4942,knn,impute_bfill
iris,sepal_length,150,5,1.0,0.0,0.02,6128,0.2333,0.0644,3.3424,0.8,0.9628,-0.4205,numerical,5.8433,0.8281,0.4017,knn,impute_bfill
iris,sepal_length,150,5,1.0,0.0,0.02,6128,0.2333,0.0644,3.3424,0.8,0.9628,-0.4205,numerical,5.8433,0.8281,0.2892,knn,impute_ffill
iris,sepal_length,150,5,1.0,0.0,0.02,6128,0.2333,0.0644,3.3424,0.8,0.9628,-0.4205,numerical,5.8433,0.8281,0.21,knn,impute_bfill
iris,sepal_length,150,5,1.0,0.0,0.02,6128,0.2333,0.0644,3.3424,0.8,0.9628,-0.4205,numerical,5.8433,0.8281,0.0917,knn,impute_ffill
iris,sepal_length,150,5,1.0,0.0,0.02,6128,0.2333,0.0644,3.3424,0.8,0.9628,-0.4205,numerical,5.8433,0.8281,0.4942,nb,impute_ffill
iris,sepal_length,150,5,1.0,0.0,0.02,6128,0.2333,0.0644,3.3424,0.8,0.9628,-0.4205,numerical,5.8433,0.8281,0.4017,nb,impute_ffill
iris,sepal_length,150,5,1.0,0.0,0.02,6128,0.2333,0.0644,3.3424,0.8,0.9628,-0.4205,numerical,5.8433,0.8281,0.2892,nb,impute_ffill
iris,sepal_length,150,5,1.0,0.0,0.02,6128,0.2333,0.0644,3.3424,0.8,0.9628,-0.4205,numerical,5.8433,0.8281,0.21,nb,impute_bfill
iris,sepal_length,150,5,1.0,0.0,0.02,6128,0.2333,0.0644,3.3424,0.8,0.9628,-0.4205,numerical,5.8433,0.8281,0.0917,nb,impute_bfill
iris,sepal_width,150,5,1.0,0.0,0.02,6128,0.1533,0.0462,2.7807,0.8,0.9628,-0.4205,numerical,3.054,0.4336,0.4942,dt,impute_mode
iris,sepal_width,150,5,1.0,0.0,0.02,6128,0.1533,0.0462,2.7807,0.8,0.9628,-0.4205,numerical,3.054,0.4336,0.4017,dt,impute_std
iris,sepal_width,150,5,1.0,0.0,0.02,6128,0.1533,0.0462,2.7807,0.8,0.9628,-0.4205,numerical,3.054,0.4336,0.2892,dt,impute_linear_regression
iris,sepal_width,150,5,1.0,0.0,0.02,6128,0.1533,0.0462,2.7807,0.8,0.9628,-0.4205,numerical,3.054,0.4336,0.21,dt,no_impute
iris,sepal_width,150,5,1.0,0.0,0.02,6128,0.1533,0.0462,2.7807,0.8,0.9628,-0.4205,numerical,3.054,0.4336,0.0917,dt,impute_mean
iris,sepal_width,150,5,1.0,0.0,0.02,6128,0.1533,0.0462,2.7807,0.8,0.9628,-0.4205,numerical,3.054,0.4336,0.4942,lr,impute_linear_regression
iris,sepal_width,150,5,1.0,0.0,0.02,6128,0.1533,0.0462,2.7807,0.8,0.9628,-0.4205,numerical,3.054,0.4336,0.4017,lr,impute_mode
iris,sepal_width,150,5,1.0,0.0,0.02,6128,0.1533,0.0462,2.7807,0.8,0.9628,-0.4205,numerical,3.054,0.4336,0.2892,lr,impute_linear_regression
iris,sepal_width,150,5,1.0,0.0,0.02,6128,0.1533,0.0462,2.7807,0.8,0.9628,-0.4205,numerical,3.054,0.4336,0.21,lr,impute_linear_regression
iris,sepal_width,150,5,1.0,0.0,0.02,6128,0.1533,0.0462,2.7807,0.8,0.9628,-0.4205,numerical,3.054,0.4336,0.0917,lr,impute_knn
iris,sepal_width,150,5,1.0,0.0,0.02,6128,0.1533,0.0462,2.7807,0.8,0.9628,-0.4205,numerical,3.054,0.4336,0.4942,knn,no_impute
iris,sepal_width,150,5,1.0,0.0,0.02,6128,0.1533,0.0462,2.7807,0.8,0.9628,-0.4205,numerical,3.054,0.4336,0.4017,knn,impute_mode
iris,sepal_width,150,5,1.0,0.0,0.02,6128,0.1533,0.0462,2.7807,0.8,0.9628,-0.4205,numerical,3.054,0.4336,0.2892,knn,impute_mode
iris,sepal_width,150,5,1.0,0.0,0.02,6128,0.1533,0.0462,2.7807,0.8,0.9628,-0.4205,numerical,3.054,0.4336,0.21,knn,impute_mode
iris,sepal_width,150,5,1.0,0.0,0.02,6128,0.1533,0.0462,2.7807,0.8,0.9628,-0.4205,numerical,3.054,0.4336,0.0917,knn,impute_mode
iris,sepal_width,150,5,1.0,0.0,0.02,6128,0.1533,0.0462,2.7807,0.8,0.9628,-0.4205,numerical,3.054,0.4336,0.4942,nb,impute_ffill
iris,sepal_width,150,5,1.0,0.0,0.02,6128,0.1533,0.0462,2.7807,0.8,0.9628,-0.4205,numerical,3.054,0.4336,0.4017,nb,impute_bfill
iris,sepal_width,150,5,1.0,0.0,0.02,6128,0.1533,0.0462,2.7807,0.8,0.9628,-0.4205,numerical,3.054,0.4336,0.2892,nb,impute_ffill
iris,sepal_width,150,5,1.0,0.0,0.02,6128,0.1533,0.0462,2.7807,0.8,0.9628,-0.4205,numerical,3.054,0.4336,0.21,nb,impute_knn
iris,sepal_width,150,5,1.0,0.0,0.02,6128,0.1533,0.0462,2.7807,0.8,0.9628,-0.4205,numerical,3.054,0.4336,0.0917,nb,impute_ffill
iris,petal_length,150,5,1.0,0.0,0.02,6128,0.2867,0.0236,3.4892,0.8,0.9628,-0.4205,numerical,3.7587,1.7644,0.4942,dt,impute_bfill
iris,petal_length,150,5,1.0,0.0,0.02,6128,0.2867,0.0236,3.4892,0.8,0.9628,-0.4205,numerical,3.7587,1.7644,0.4017,dt,impute_bfill
iris,petal_length,150,5,1.0,0.0,0.02,6128,0.2867,0.0236,3.4892,0.8,0.9628,-0.4205,numerical,3.7587,1.7644,0.2892,dt,impute_ffill
iris,petal_length,150,5,1.0,0.0,0.02,6128,0.2867,0.0236,3.4892,0.8,0.9628,-0.4205,numerical,3.7587,1.7644,0.21,dt,impute_ffill
iris,petal_length,150,5,1.0,0.0,0.02,6128,0.2867,0.0236,3.4892,0.8,0.9628,-0.4205,numerical,3.7587,1.7644,0.0917,dt,impute_bfill
iris,petal_length,150,5,1.0,0.0,0.02,6128,0.2867,0.0236,3.4892,0.8,0.9628,-0.4205,numerical,3.7587,1.7644,0.4942,lr,impute_bfill
iris,petal_length,150,5,1.0,0.0,0.02,6128,0.2867,0.0236,3.4892,0.8,0.9628,-0.4205,numerical,3.7587,1.7644,0.4017,lr,impute_bfill
iris,petal_length,150,5,1.0,0.0,0.02,6128,0.2867,0.0236,3.4892,0.8,0.9628,-0.4205,numerical,3.7587,1.7644,0.2892,lr,impute_bfill
iris,petal_length,150,5,1.0,0.0,0.02,6128,0.2867,0.0236,3.4892,0.8,0.9628,-0.4205,numerical,3.7587,1.7644,0.21,lr,impute_ffill
iris,petal_length,150,5,1.0,0.0,0.02,6128,0.2867,0.0236,3.4892,0.8,0.9628,-0.4205,numerical,3.7587,1.7644,0.0917,lr,impute_bfill
iris,petal_length,150,5,1.0,0.0,0.02,6128,0.2867,0.0236,3.4892,0.8,0.9628,-0.4205,numerical,3.7587,1.7644,0.4942,knn,impute_ffill
iris,petal_length,150,5,1.0,0.0,0.02,6128,0.2867,0.0236,3.4892,0.8,0.9628,-0.4205,numerical,3.7587,1.7644,0.4017,knn,impute_bfill
iris,petal_length,150,5,1.0,0.0,0.02,6128,0.2867,0.0236,3.4892,0.8,0.9628,-0.4205,numerical,3.7587,1.7644,0.2892,knn,impute_ffill
iris,petal_length,150,5,1.0,0.0,0.02,6128,0.2867,0.0236,3.4892,0.8,0.9628,-0.4205,numerical,3.7587,1.7644,0.21,knn,impute_bfill
iris,petal_length,150,5,1.0,0.0,0.02,6128,0.2867,0.0236,3.4892,0.8,0.9628,-0.4205,numerical,3.7587,1.7644,0.0917,knn,impute_ffill
iris,petal_length,150,5,1.0,0.0,0.02,6128,0.2867,0.0236,3.4892,0.8,0.9628,-0.4205,numerical,3.7587,1.7644,0.4942,nb,impute_bfill
iris,petal_length,150,5,1.0,0.0,0.02,6128,0.2867,0.0236,3.4892,0.8,0.9628,-0.4205,numerical,3.7587,1.7644,0.4017,nb,impute_bfill
iris,petal_length,150,5,1.0,0.0,0.02,6128,0.2867,0.0236,3.4892,0.8,0.9628,-0.4205,numerical,3.7587,1.7644,0.2892,nb,impute_ffill
iris,petal_length,150,5,1.0,0.0,0.02,6128,0.2867,0.0236,3.4892,0.8,0.9628,-0.4205,numerical,3.7587,1.7644,0.21,nb,impute_bfill
iris,petal_length,150,5,1.0,0.0,0.02,6128,0.2867,0.0236,3.4892,0.8,0.9628,-0.4205,numerical,3.7587,1.7644,0.0917,nb,impute_knn
iris,petal_width,150,5,1.0,0.0,0.02,6128,0.1467,0.0411,2.8181,0.8,0.9628,-0.4205,numerical,1.1987,0.7632,0.4942,dt,impute_ffill
iris,petal_width,150,5,1.0,0.0,0.02,6128,0.1467,0.0411,2.8181,0.8,0.9628,-0.4205,numerical,1.1987,0.7632,0.4017,dt,impute_ffill
iris,petal_width,150,5,1.0,0.0,0.02,6128,0.1467,0.0411,2.8181,0.8,0.9628,-0.4205,numerical,1.1987,0.7632,0.2892,dt,impute_ffill
iris,petal_width,150,5,1.0,0.0,0.02,6128,0.1467,0.0411,2.8181,0.8,0.9628,-0.4205,numerical,1.1987,0.7632,0.21,dt,impute_ffill
iris,petal_width,150,5,1.0,0.0,0.02,6128,0.1467,0.0411,2.8181,0.8,0.9628,-0.4205,numerical,1.1987,0.7632,0.0917,dt,impute_linear_regression
iris,petal_width,150,5,1.0,0.0,0.02,6128,0.1467,0.0411,2.8181,0.8,0.9628,-0.4205,numerical,1.1987,0.7632,0.4942,lr,impute_ffill
iris,petal_width,150,5,1.0,0.0,0.02,6128,0.1467,0.0411,2.8181,0.8,0.9628,-0.4205,numerical,1.1987,0.7632,0.4017,lr,impute_ffill
iris,petal_width,150,5,1.0,0.0,0.02,6128,0.1467,0.0411,2.8181,0.8,0.9628,-0.4205,numerical,1.1987,0.7632,0.2892,lr,impute_ffill
iris,petal_width,150,5,1.0,0.0,0.02,6128,0.1467,0.0411,2.8181,0.8,0.9628,-0.4205,numerical,1.1987,0.7632,0.21,lr,impute_ffill
iris,petal_width,150,5,1.0,0.0,0.02,6128,0.1467,0.0411,2.8181,0.8,0.9628,-0.4205,numerical,1.1987,0.7632,0.0917,lr,impute_bfill
iris,petal_width,150,5,1.0,0.0,0.02,6128,0.1467,0.0411,2.8181,0.8,0.9628,-0.4205,numerical,1.1987,0.7632,0.4942,knn,impute_bfill
iris,petal_width,150,5,1.0,0.0,0.02,6128,0.1467,0.0411,2.8181,0.8,0.9628,-0.4205,numerical,1.1987,0.7632,0.4017,knn,impute_bfill
iris,petal_width,150,5,1.0,0.0,0.02,6128,0.1467,0.0411,2.8181,0.8,0.9628,-0.4205,numerical,1.1987,0.7632,0.2892,knn,impute_ffill
iris,petal_width,150,5,1.0,0.0,0.02,6128,0.1467,0.0411,2.8181,0.8,0.9628,-0.4205,numerical,1.1987,0.7632,0.21,knn,impute_ffill
iris,petal_width,150,5,1.0,0.0,0.02,6128,0.1467,0.0411,2.8181,0.8,0.9628,-0.4205,numerical,1.1987,0.7632,0.0917,knn,impute_bfill
iris,petal_width,150,5,1.0,0.0,0.02,6128,0.1467,0.0411,2.8181,0.8,0.9628,-0.4205,numerical,1.1987,0.7632,0.4942,nb,impute_ffill
iris,petal_width,150,5,1.0,0.0,0.02,6128,0.1467,0.0411,2.8181,0.8,0.9628,-0.4205,numerical,1.1987,0.7632,0.4017,nb,impute_ffill
iris,petal_width,150,5,1.0,0.0,0.02,6128,0.1467,0.0411,2.8181,0.8,0.9628,-0.4205,numerical,1.1987,0.7632,0.2892,nb,impute_ffill
iris,petal_width,150,5,1.0,0.0,0.02,6128,0.1467,0.0411,2.8181,0.8,0.9628,-0.4205,numerical,1.1987,0.7632,0.21,nb,impute_ffill
iris,petal_width,150,5,1.0,0.0,0.02,6128,0.1467,0.0411,2.8181,0.8,0.9628,-0.4205,numerical,1.1987,0.7632,0.0917,nb,impute_ffill
cancer,Uniformity_of_Cell_Size,683,5,1.0,0.0,0.6149,27448,0.0146,0.9819,1.6246,1.0,0.9072,0.6806,numerical,3.1508,3.0651,0.5035,dt,impute_linear_regression
cancer,Uniformity_of_Cell_Size,683,5,1.0,0.0,0.6149,27448,0.0146,0.9819,1.6246,1.0,0.9072,0.6806,numerical,3.1508,3.0651,0.3977,dt,impute_median
cancer,Uniformity_of_Cell_Size,683,5,1.0,0.0,0.6149,27448,0.0146,0.9819,1.6246,1.0,0.9072,0.6806,numerical,3.1508,3.0651,0.3007,dt,impute_mode
cancer,Uniformity_of_Cell_Size,683,5,1.0,0.0,0.6149,27448,0.0146,0.9819,1.6246,1.0,0.9072,0.6806,numerical,3.1508,3.0651,0.2066,dt,impute_ffill
cancer,Uniformity_of_Cell_Size,683,5,1.0,0.0,0.6149,27448,0.0146,0.9819,1.6246,1.0,0.9072,0.6806,numerical,3.1508,3.0651,0.0966,dt,impute_random
cancer,Uniformity_of_Cell_Size,683,5,1.0,0.0,0.6149,27448,0.0146,0.9819,1.6246,1.0,0.9072,0.6806,numerical,3.1508,3.0651,0.5035,lr,impute_knn
cancer,Uniformity_of_Cell_Size,683,5,1.0,0.0,0.6149,27448,0.0146,0.9819,1.6246,1.0,0.9072,0.6806,numerical,3.1508,3.0651,0.3977,lr,impute_linear_regression
cancer,Uniformity_of_Cell_Size,683,5,1.0,0.0,0.6149,27448,0.0146,0.9819,1.6246,1.0,0.9072,0.6806,numerical,3.1508,3.0651,0.3007,lr,impute_ffill
cancer,Uniformity_of_Cell_Size,683,5,1.0,0.0,0.6149,27448,0.0146,0.9819,1.6246,1.0,0.9072,0.6806,numerical,3.1508,3.0651,0.2066,lr,impute_ffill
cancer,Uniformity_of_Cell_Size,683,5,1.0,0.0,0.6149,27448,0.0146,0.9819,1.6246,1.0,0.9072,0.6806,numerical,3.1508,3.0651,0.0966,lr,impute_standard
cancer,Uniformity_of_Cell_Size,683,5,1.0,0.0,0.6149,27448,0.0146,0.9819,1.6246,1.0,0.9072,0.6806,numerical,3.1508,3.0651,0.5035,knn,impute_knn
cancer,Uniformity_of_Cell_Size,683,5,1.0,0.0,0.6149,27448,0.0146,0.9819,1.6246,1.0,0.9072,0.6806,numerical,3.1508,3.0651,0.3977,knn,no_impute
cancer,Uniformity_of_Cell_Size,683,5,1.0,0.0,0.6149,27448,0.0146,0.9819,1.6246,1.0,0.9072,0.6806,numerical,3.1508,3.0651,0.3007,knn,impute_linear_regression
cancer,Uniformity_of_Cell_Size,683,5,1.0,0.0,0.6149,27448,0.0146,0.9819,1.6246,1.0,0.9072,0.6806,numerical,3.1508,3.0651,0.2066,knn,no_impute
cancer,Uniformity_of_Cell_Size,683,5,1.0,0.0,0.6149,27448,0.0146,0.9819,1.6246,1.0,0.9072,0.6806,numerical,3.1508,3.0651,0.0966,knn,impute_linear_regression
cancer,Uniformity_of_Cell_Size,683,5,1.0,0.0,0.6149,27448,0.0146,0.9819,1.6246,1.0,0.9072,0.6806,numerical,3.1508,3.0651,0.5035,nb,impute_mode
cancer,Uniformity_of_Cell_Size,683,5,1.0,0.0,0.6149,27448,0.0146,0.9819,1.6246,1.0,0.9072,0.6806,numerical,3.1508,3.0651,0.3977,nb,impute_mode
cancer,Uniformity_of_Cell_Size,683,5,1.0,0.0,0.6149,27448,0.0146,0.9819,1.6246,1.0,0.9072,0.6806,numerical,3.1508,3.0651,0.3007,nb,impute_knn
cancer,Uniformity_of_Cell_Size,683,5,1.0,0.0,0.6149,27448,0.0146,0.9819,1.6246,1.0,0.9072,0.6806,numerical,3.1508,3.0651,0.2066,nb,impute_mode
cancer,Uniformity_of_Cell_Size,683,5,1.0,0.0,0.6149,27448,0.0146,0.9819,1.6246,1.0,0.9072,0.6806,numerical,3.1508,3.0651,0.0966,nb,impute_knn
cancer,Uniformity_of_Cell_Shape,683,5,1.0,0.0,0.6149,27448,0.0146,0.9599,1.7253,1.0,0.9072,0.6806,numerical,3.2152,2.9886,0.5035,dt,impute_ffill
cancer,Uniformity_of_Cell_Shape,683,5,1.0,0.0,0.6149,27448,0.0146,0.9599,1.7253,1.0,0.9072,0.6806,numerical,3.2152,2.9886,0.3977,dt,impute_bfill
cancer,Uniformity_of_Cell_Shape,683,5,1.0,0.0,0.6149,27448,0.0146,0.9599,1.7253,1.0,0.9072,0.6806,numerical,3.2152,2.9886,0.3007,dt,impute_ffill
cancer,Uniformity_of_Cell_Shape,683,5,1.0,0.0,0.6149,27448,0.0146,0.9599,1.7253,1.0,0.9072,0.6806,numerical,3.2152,2.9886,0.2066,dt,impute_median
cancer,Uniformity_of_Cell_Shape,683,5,1.0,0.0,0.6149,27448,0.0146,0.9599,1.7253,1.0,0.9072,0.6806,numerical,3.2152,2.9886,0.0966,dt,impute_standard
cancer,Uniformity_of_Cell_Shape,683,5,1.0,0.0,0.6149,27448,0.0146,0.9599,1.7253,1.0,0.9072,0.6806,numerical,3.2152,2.9886,0.5035,lr,impute_ffill
cancer,Uniformity_of_Cell_Shape,683,5,1.0,0.0,0.6149,27448,0.0146,0.9599,1.7253,1.0,0.9072,0.6806,numerical,3.2152,2.9886,0.3977,lr,impute_ffill
cancer,Uniformity_of_Cell_Shape,683,5,1.0,0.0,0.6149,27448,0.0146,0.9599,1.7253,1.0,0.9072,0.6806,numerical,3.2152,2.9886,0.3007,lr,impute_ffill
cancer,Uniformity_of_Cell_Shape,683,5,1.0,0.0,0.6149,27448,0.0146,0.9599,1.7253,1.0,0.9072,0.6806,numerical,3.2152,2.9886,0.2066,lr,impute_bfill
cancer,Uniformity_of_Cell_Shape,683,5,1.0,0.0,0.6149,27448,0.0146,0.9599,1.7253,1.0,0.9072,0.6806,numerical,3.2152,2.9886,0.0966,lr,impute_knn
cancer,Uniformity_of_Cell_Shape,683,5,1.0,0.0,0.6149,27448,0.0146,0.9599,1.7253,1.0,0.9072,0.6806,numerical,3.2152,2.9886,0.5035,knn,impute_bfill
cancer,Uniformity_of_Cell_Shape,683,5,1.0,0.0,0.6149,27448,0.0146,0.9599,1.7253,1.0,0.9072,0.6806,numerical,3.2152,2.9886,0.3977,knn,no_impute
cancer,Uniformity_of_Cell_Shape,683,5,1.0,0.0,0.6149,27448,0.0146,0.9599,1.7253,1.0,0.9072,0.6806,numerical,3.2152,2.9886,0.3007,knn,impute_mode
cancer,Uniformity_of_Cell_Shape,683,5,1.0,0.0,0.6149,27448,0.0146,0.9599,1.7253,1.0,0.9072,0.6806,numerical,3.2152,2.9886,0.2066,knn,impute_linear_regression
cancer,Uniformity_of_Cell_Shape,683,5,1.0,0.0,0.6149,27448,0.0146,0.9599,1.7253,1.0,0.9072,0.6806,numerical,3.2152,2.9886,0.0966,knn,impute_knn
cancer,Uniformity_of_Cell_Shape,683,5,1.0,0.0,0.6149,27448,0.0146,0.9599,1.7253,1.0,0.9072,0.6806,numerical,3.2152,2.9886,0.5035,nb,impute_standard
cancer,Uniformity_of_Cell_Shape,683,5,1.0,0.0,0.6149,27448,0.0146,0.9599,1.7253,1.0,0.9072,0.6806,numerical,3.2152,2.9886,0.3977,nb,impute_mode
cancer,Uniformity_of_Cell_Shape,683,5,1.0,0.0,0.6149,27448,0.0146,0.9599,1.7253,1.0,0.9072,0.6806,numerical,3.2152,2.9886,0.3007,nb,impute_mode
cancer,Uniformity_of_Cell_Shape,683,5,1.0,0.0,0.6149,27448,0.0146,0.9599,1.7253,1.0,0.9072,0.6806,numerical,3.2152,2.9886,0.2066,nb,impute_mode
cancer,Uniformity_of_Cell_Shape,683,5,1.0,0.0,0.6149,27448,0.0146,0.9599,1.7253,1.0,0.9072,0.6806,numerical,3.2152,2.9886,0.0966,nb,impute_mode
cancer,Bare_Nuclei,683,5,1.0,0.0,0.6149,27448,0.0146,1.0173,1.3811,1.0,0.9072,0.6806,numerical,3.5447,3.6439,0.5035,dt,impute_knn
cancer,Bare_Nuclei,683,5,1.0,0.0,0.6149,27448,0.0146,1.0173,1.3811,1.0,0.9072,0.6806,numerical,3.5447,3.6439,0.3977,dt,impute_linear_regression
cancer,Bare_Nuclei,683,5,1.0,0.0,0.6149,27448,0.0146,1.0173,1.3811,1.0,0.9072,0.6806,numerical,3.5447,3.6439,0.3007,dt,impute_knn
cancer,Bare_Nuclei,683,5,1.0,0.0,0.6149,27448,0.0146,1.0173,1.3811,1.0,0.9072,0.6806,numerical,3.5447,3.6439,0.2066,dt,impute_mean
cancer,Bare_Nuclei,683,5,1.0,0.0,0.6149,27448,0.0146,1.0173,1.3811,1.0,0.9072,0.6806,numerical,3.5447,3.6439,0.0966,dt,impute_linear_regression
cancer,Bare_Nuclei,683,5,1.0,0.0,0.6149,27448,0.0146,1.0173,1.3811,1.0,0.9072,0.6806,numerical,3.5447,3.6439,0.5035,lr,impute_knn
cancer,Bare_Nuclei,683,5,1.0,0.0,0.6149,27448,0.0146,1.0173,1.3811,1.0,0.9072,0.6806,numerical,3.5447,3.6439,0.3977,lr,impute_knn
cancer,Bare_Nuclei,683,5,1.0,0.0,0.6149,27448,0.0146,1.0173,1.3811,1.0,0.9072,0.6806,numerical,3.5447,3.6439,0.3007,lr,impute_knn
cancer,Bare_Nuclei,683,5,1.0,0.0,0.6149,27448,0.0146,1.0173,1.3811,1.0,0.9072,0.6806,numerical,3.5447,3.6439,0.2066,lr,impute_ffill
cancer,Bare_Nuclei,683,5,1.0,0.0,0.6149,27448,0.0146,1.0173,1.3811,1.0,0.9072,0.6806,numerical,3.5447,3.6439,0.0966,lr,impute_knn
cancer,Bare_Nuclei,683,5,1.0,0.0,0.6149,27448,0.0146,1.0173,1.3811,1.0,0.9072,0.6806,numerical,3.5447,3.6439,0.5035,knn,impute_bfill
cancer,Bare_Nuclei,683,5,1.0,0.0,0.6149,27448,0.0146,1.0173,1.3811,1.0,0.9072,0.6806,numerical,3.5447,3.6439,0.3977,knn,impute_std
cancer,Bare_Nuclei,683,5,1.0,0.0,0.6149,27448,0.0146,1.0173,1.3811,1.0,0.9072,0.6806,numerical,3.5447,3.6439,0.3007,knn,impute_std
cancer,Bare_Nuclei,683,5,1.0,0.0,0.6149,27448,0.0146,1.0173,1.3811,1.0,0.9072,0.6806,numerical,3.5447,3.6439,0.2066,knn,impute_std
cancer,Bare_Nuclei,683,5,1.0,0.0,0.6149,27448,0.0146,1.0173,1.3811,1.0,0.9072,0.6806,numerical,3.5447,3.6439,0.0966,knn,impute_bfill
cancer,Bare_Nuclei,683,5,1.0,0.0,0.6149,27448,0.0146,1.0173,1.3811,1.0,0.9072,0.6806,numerical,3.5447,3.6439,0.5035,nb,impute_bfill
cancer,Bare_Nuclei,683,5,1.0,0.0,0.6149,27448,0.0146,1.0173,1.3811,1.0,0.9072,0.6806,numerical,3.5447,3.6439,0.3977,nb,impute_knn
cancer,Bare_Nuclei,683,5,1.0,0.0,0.6149,27448,0.0146,1.0173,1.3811,1.0,0.9072,0.6806,numerical,3.5447,3.6439,0.3007,nb,impute_bfill
cancer,Bare_Nuclei,683,5,1.0,0.0,0.6149,27448,0.0146,1.0173,1.3811,1.0,0.9072,0.6806,numerical,3.5447,3.6439,0.2066,nb,impute_std
cancer,Bare_Nuclei,683,5,1.0,0.0,0.6149,27448,0.0146,1.0173,1.3811,1.0,0.9072,0.6806,numerical,3.5447,3.6439,0.0966,nb,impute_linear_regression
cancer,Bland_Chromatin,683,5,1.0,0.0,0.6149,27448,0.0146,0.8,1.9196,1.0,0.9072,0.6806,numerical,3.4451,2.4497,0.5035,dt,impute_standard
cancer,Bland_Chromatin,683,5,1.0,0.0,0.6149,27448,0.0146,0.8,1.9196,1.0,0.9072,0.6806,numerical,3.4451,2.4497,0.3977,dt,impute_median
cancer,Bland_Chromatin,683,5,1.0,0.0,0.6149,27448,0.0146,0.8,1.9196,1.0,0.9072,0.6806,numerical,3.4451,2.4497,0.3007,dt,impute_knn
cancer,Bland_Chromatin,683,5,1.0,0.0,0.6149,27448,0.0146,0.8,1.9196,1.0,0.9072,0.6806,numerical,3.4451,2.4497,0.2066,dt,impute_standard
cancer,Bland_Chromatin,683,5,1.0,0.0,0.6149,27448,0.0146,0.8,1.9196,1.0,0.9072,0.6806,numerical,3.4451,2.4497,0.0966,dt,impute_knn
cancer,Bland_Chromatin,683,5,1.0,0.0,0.6149,27448,0.0146,0.8,1.9196,1.0,0.9072,0.6806,numerical,3.4451,2.4497,0.5035,lr,impute_std
cancer,Bland_Chromatin,683,5,1.0,0.0,0.6149,27448,0.0146,0.8,1.9196,1.0,0.9072,0.6806,numerical,3.4451,2.4497,0.3977,lr,impute_bfill
cancer,Bland_Chromatin,683,5,1.0,0.0,0.6149,27448,0.0146,0.8,1.9196,1.0,0.9072,0.6806,numerical,3.4451,2.4497,0.3007,lr,impute_random
cancer,Bland_Chromatin,683,5,1.0,0.0,0.6149,27448,0.0146,0.8,1.9196,1.0,0.9072,0.6806,numerical,3.4451,2.4497,0.2066,lr,impute_knn
cancer,Bland_Chromatin,683,5,1.0,0.0,0.6149,27448,0.0146,0.8,1.9196,1.0,0.9072,0.6806,numerical,3.4451,2.4497,0.0966,lr,impute_median
cancer,Bland_Chromatin,683,5,1.0,0.0,0.6149,27448,0.0146,0.8,1.9196,1.0,0.9072,0.6806,numerical,3.4451,2.4497,0.5035,knn,no_impute
cancer,Bland_Chromatin,683,5,1.0,0.0,0.6149,27448,0.0146,0.8,1.9196,1.0,0.9072,0.6806,numerical,3.4451,2.4497,0.3977,knn,impute_mean
cancer,Bland_Chromatin,683,5,1.0,0.0,0.6149,27448,0.0146,0.8,1.9196,1.0,0.9072,0.6806,numerical,3.4451,2.4497,0.3007,knn,no_impute
cancer,Bland_Chromatin,683,5,1.0,0.0,0.6149,27448,0.0146,0.8,1.9196,1.0,0.9072,0.6806,numerical,3.4451,2.4497,0.2066,knn,impute_bfill
cancer,Bland_Chromatin,683,5,1.0,0.0,0.6149,27448,0.0146,0.8,1.9196,1.0,0.9072,0.6806,numerical,3.4451,2.4497,0.0966,knn,impute_std
cancer,Bland_Chromatin,683,5,1.0,0.0,0.6149,27448,0.0146,0.8,1.9196,1.0,0.9072,0.6806,numerical,3.4451,2.4497,0.5035,nb,impute_bfill
cancer,Bland_Chromatin,683,5,1.0,0.0,0.6149,27448,0.0146,0.8,1.9196,1.0,0.9072,0.6806,numerical,3.4451,2.4497,0.3977,nb,impute_random
cancer,Bland_Chromatin,683,5,1.0,0.0,0.6149,27448,0.0146,0.8,1.9196,1.0,0.9072,0.6806,numerical,3.4451,2.4497,0.3007,nb,impute_bfill
cancer,Bland_Chromatin,683,5,1.0,0.0,0.6149,27448,0.0146,0.8,1.9196,1.0,0.9072,0.6806,numerical,3.4451,2.4497,0.2066,nb,no_impute
cancer,Bland_Chromatin,683,5,1.0,0.0,0.6149,27448,0.0146,0.8,1.9196,1.0,0.9072,0.6806,numerical,3.4451,2.4497,0.0966,nb,impute_bfill
wine,alcohol,1599,5,1.0,0.0,0.152,64088,0.0407,0.0231,3.5984,0.0,0.486,-0.3095,numerical,10.423,1.0657,0.4973,dt,impute_ffill
wine,alcohol,1599,5,1.0,0.0,0.152,64088,0.0407,0.0231,3.5984,0.0,0.486,-0.3095,numerical,10.423,1.0657,0.4062,dt,impute_median
wine,alcohol,1599,5,1.0,0.0,0.152,64088,0.0407,0.0231,3.5984,0.0,0.486,-0.3095,numerical,10.423,1.0657,0.3012,dt,impute_mean
wine,alcohol,1599,5,1.0,0.0,0.152,64088,0.0407,0.0231,3.5984,0.0,0.486,-0.3095,numerical,10.423,1.0657,0.2001,dt,impute_bfill
wine,alcohol,1599,5,1.0,0.0,0.152,64088,0.0407,0.0231,3.5984,0.0,0.486,-0.3095,numerical,10.423,1.0657,0.1018,dt,impute_bfill
wine,alcohol,1599,5,1.0,0.0,0.152,64088,0.0407,0.0231,3.5984,0.0,0.486,-0.3095,numerical,10.423,1.0657,0.4973,lr,impute_median
wine,alcohol,1599,5,1.0,0.0,0.152,64088,0.0407,0.0231,3.5984,0.0,0.486,-0.3095,numerical,10.423,1.0657,0.4062,lr,impute_median
wine,alcohol,1599,5,1.0,0.0,0.152,64088,0.0407,0.0231,3.5984,0.0,0.486,-0.3095,numerical,10.423,1.0657,0.3012,lr,impute_median
wine,alcohol,1599,5,1.0,0.0,0.152,64088,0.0407,0.0231,3.5984,0.0,0.486,-0.3095,numerical,10.423,1.0657,0.2001,lr,impute_median
wine,alcohol,1599,5,1.0,0.0,0.152,64088,0.0407,0.0231,3.5984,0.0,0.486,-0.3095,numerical,10.423,1.0657,0.1018,lr,impute_median
wine,alcohol,1599,5,1.0,0.0,0.152,64088,0.0407,0.0231,3.5984,0.0,0.486,-0.3095,numerical,10.423,1.0657,0.4973,knn,impute_mean
wine,alcohol,1599,5,1.0,0.0,0.152,64088,0.0407,0.0231,3.5984,0.0,0.486,-0.3095,numerical,10.423,1.0657,0.4062,knn,impute_ffill
wine,alcohol,1599,5,1.0,0.0,0.152,64088,0.0407,0.0231,3.5984,0.0,0.486,-0.3095,numerical,10.423,1.0657,0.3012,knn,impute_median
wine,alcohol,1599,5,1.0,0.0,0.152,64088,0.0407,0.0231,3.5984,0.0,0.486,-0.3095,numerical,10.423,1.0657,0.2001,knn,impute_ffill
wine,alcohol,1599,5,1.0,0.0,0.152,64088,0.0407,0.0231,3.5984,0.0,0.486,-0.3095,numerical,10.423,1.0657,0.1018,knn,impute_knn
wine,alcohol,1599,5,1.0,0.0,0.152,64088,0.0407,0.0231,3.5984,0.0,0.486,-0.3095,numerical,10.423,1.0657,0.4973,nb,impute_ffill
wine,alcohol,1599,5,1.0,0.0,0.152,64088,0.0407,0.0231,3.5984,0.0,0.486,-0.3095,numerical,10.423,1.0657,0.4062,nb,impute_bfill
wine,alcohol,1599,5,1.0,0.0,0.152,64088,0.0407,0.0231,3.5984,0.0,0.486,-0.3095,numerical,10.423,1.0657,0.3012,nb,impute_median
wine,alcohol,1599,5,1.0,0.0,0.152,64088,0.0407,0.0231,3.5984,0.0,0.486,-0.3095,numerical,10.423,1.0657,0.2001,nb,impute_bfill
wine,alcohol,1599,5,1.0,0.0,0.152,64088,0.0407,0.0231,3.5984,0.0,0.486,-0.3095,numerical,10.423,1.0657,0.1018,nb,impute_linear_regression
wine,sulphates,1599,5,1.0,0.0,0.152,64088,0.06,0.0103,3.9729,0.0,0.486,-0.3095,numerical,0.6581,0.1695,0.4973,dt,impute_median
wine,sulphates,1599,5,1.0,0.0,0.152,64088,0.06,0.0103,3.9729,0.0,0.486,-0.3095,numerical,0.6581,0.1695,0.4062,dt,impute_median
wine,sulphates,1599,5,1.0,0.0,0.152,64088,0.06,0.0103,3.9729,0.0,0.486,-0.3095,numerical,0.6581,0.1695,0.3012,dt,impute_knn
wine,sulphates,1599,5,1.0,0.0,0.152,64088,0.06,0.0103,3.9729,0.0,0.486,-0.3095,numerical,0.6581,0.1695,0.2001,dt,impute_bfill
wine,sulphates,1599,5,1.0,0.0,0.152,64088,0.06,0.0103,3.9729,0.0,0.486,-0.3095,numerical,0.6581,0.1695,0.1018,dt,impute_median
wine,sulphates,1599,5,1.0,0.0,0.152,64088,0.06,0.0103,3.9729,0.0,0.486,-0.3095,numerical,0.6581,0.1695,0.4973,lr,impute_median
wine,sulphates,1599,5,1.0,0.0,0.152,64088,0.06,0.0103,3.9729,0.0,0.486,-0.3095,numerical,0.6581,0.1695,0.4062,lr,impute_median
wine,sulphates,1599,5,1.0,0.0,0.152,64088,0.06,0.0103,3.9729,0.0,0.486,-0.3095,numerical,0.6581,0.1695,0.3012,lr,no_impute
wine,sulphates,1599,5,1.0,0.0,0.152,64088,0.06,0.0103,3.9729,0.0,0.486,-0.3095,numerical,0.6581,0.1695,0.2001,lr,no_impute
wine,sulphates,1599,5,1.0,0.0,0.152,64088,0.06,0.0103,3.9729,0.0,0.486,-0.3095,numerical,0.6581,0.1695,0.1018,lr,impute_median
wine,sulphates,1599,5,1.0,0.0,0.152,64088,0.06,0.0103,3.9729,0.0,0.486,-0.3095,numerical,0.6581,0.1695,0.4973,knn,impute_median
wine,sulphates,1599,5,1.0,0.0,0.152,64088,0.06,0.0103,3.9729,0.0,0.486,-0.3095,numerical,0.6581,0.1695,0.4062,knn,impute_linear_regression
wine,sulphates,1599,5,1.0,0.0,0.152,64088,0.06,0.0103,3.9729,0.0,0.486,-0.3095,numerical,0.6581,0.1695,0.3012,knn,impute_knn
wine,sulphates,1599,5,1.0,0.0,0.152,64088,0.06,0.0103,3.9729,0.0,0.486,-0.3095,numerical,0.6581,0.1695,0.2001,knn,impute_bfill
wine,sulphates,1599,5,1.0,0.0,0.152,64088,0.06,0.0103,3.9729,0.0,0.486,-0.3095,numerical,0.6581,0.1695,0.1018,knn,impute_bfill
wine,sulphates,1599,5,1.0,0.0,0.152,64088,0.06,0.0103,3.9729,0.0,0.486,-0.3095,numerical,0.6581,0.1695,0.4973,nb,impute_bfill
wine,sulphates,1599,5,1.0,0.0,0.152,64088,0.06,0.0103,3.9729,0.0,0.486,-0.3095,numerical,0.6581,0.1695,0.4062,nb,impute_standard
wine,sulphates,1599,5,1.0,0.0,0.152,64088,0.06,0.0103,3.9729,0.0,0.486,-0.3095,numerical,0.6581,0.1695,0.3012,nb,impute_standard
wine,sulphates,1599,5,1.0,0.0,0.152,64088,0.06,0.0103,3.9729,0.0,0.486,-0.3095,numerical,0.6581,0.1695,0.2001,nb,impute_linear_regression
wine,sulphates,1599,5,1.0,0.0,0.152,64088,0.06,0.0103,3.9729,0.0,0.486,-0.3095,numerical,0.6581,0.1695,0.1018,nb,impute_linear_regression
wine,total sulfur dioxide,1599,5,1.0,0.0,0.152,64088,0.0901,0.0035,4.5762,0.0,0.486,-0.3095,numerical,46.4678,32.8953,0.4973,dt,impute_std
wine,total sulfur dioxide,1599,5,1.0,0.0,0.152,64088,0.0901,0.0035,4.5762,0.0,0.486,-0.3095,numerical,46.4678,32.8953,0.4062,dt,impute_mode
wine,total sulfur dioxide,1599,5,1.0,0.0,0.152,64088,0.0901,0.0035,4.5762,0.0,0.486,-0.3095,numerical,46.4678,32.8953,0.3012,dt,impute_standard
wine,total sulfur dioxide,1599,5,1.0,0.0,0.152,64088,0.0901,0.0035,4.5762,0.0,0.486,-0.3095,numerical,46.4678,32.8953,0.2001,dt,impute_std
wine,total sulfur dioxide,1599,5,1.0,0.0,0.152,64088,0.0901,0.0035,4.5762,0.0,0.486,-0.3095,numerical,46.4678,32.8953,0.1018,dt,impute_median
wine,total sulfur dioxide,1599,5,1.0,0.0,0.152,64088,0.0901,0.0035,4.5762,0.0,0.486,-0.3095,numerical,46.4678,32.8953,0.4973,lr,impute_knn
wine,total sulfur dioxide,1599,5,1.0,0.0,0.152,64088,0.0901,0.0035,4.5762,0.0,0.486,-0.3095,numerical,46.4678,32.8953,0.4062,lr,impute_knn
wine,total sulfur dioxide,1599,5,1.0,0.0,0.152,64088,0.0901,0.0035,4.5762,0.0,0.486,-0.3095,numerical,46.4678,32.8953,0.3012,lr,impute_knn
wine,total sulfur dioxide,1599,5,1.0,0.0,0.152,64088,0.0901,0.0035,4.5762,0.0,0.486,-0.3095,numerical,46.4678,32.8953,0.2001,lr,impute_knn
wine,total sulfur dioxide,1599,5,1.0,0.0,0.152,64088,0.0901,0.0035,4.5762,0.0,0.486,-0.3095,numerical,46.4678,32.8953,0.1018,lr,impute_linear_regression
wine,total sulfur dioxide,1599,5,1.0,0.0,0.152,64088,0.0901,0.0035,4.5762,0.0,0.486,-0.3095,numerical,46.4678,32.8953,0.4973,knn,impute_knn
wine,total sulfur dioxide,1599,5,1.0,0.0,0.152,64088,0.0901,0.0035,4.5762,0.0,0.486,-0.3095,numerical,46.4678,32.8953,0.4062,knn,impute_knn
wine,total sulfur dioxide,1599,5,1.0,0.0,0.152,64088,0.0901,0.0035,4.5762,0.0,0.486,-0.3095,numerical,46.4678,32.8953,0.3012,knn,impute_knn
wine,total sulfur dioxide,1599,5,1.0,0.0,0.152,64088,0.0901,0.0035,4.5762,0.0,0.486,-0.3095,numerical,46.4678,32.8953,0.2001,knn,impute_median
wine,total sulfur dioxide,1599,5,1.0,0.0,0.152,64088,0.0901,0.0035,4.5762,0.0,0.486,-0.3095,numerical,46.4678,32.8953,0.1018,knn,impute_std
wine,total sulfur dioxide,1599,5,1.0,0.0,0.152,64088,0.0901,0.0035,4.5762,0.0,0.486,-0.3095,numerical,46.4678,32.8953,0.4973,nb,impute_knn
wine,total sulfur dioxide,1599,5,1.0,0.0,0.152,64088,0.0901,0.0035,4.5762,0.0,0.486,-0.3095,numerical,46.4678,32.8953,0.4062,nb,impute_median
wine,total sulfur dioxide,1599,5,1.0,0.0,0.152,64088,0.0901,0.0035,4.5762,0.0,0.486,-0.3095,numerical,46.4678,32.8953,0.3012,nb,impute_linear_regression
wine,total sulfur dioxide,1599,5,1.0,0.0,0.152,64088,0.0901,0.0035,4.5762,0.0,0.486,-0.3095,numerical,46.4678,32.8953,0.2001,nb,impute_linear_regression
wine,total sulfur dioxide,1599,5,1.0,0.0,0.152,64088,0.0901,0.0035,4.5762,0.0,0.486,-0.3095,numerical,46.4678,32.8953,0.1018,nb,impute_knn
wine,volatile acidity,1599,5,1.0,0.0,0.152,64088,0.0894,0.0036,4.4277,0.0,0.486,-0.3095,numerical,0.5278,0.1791,0.4973,dt,impute_mode
wine,volatile acidity,1599,5,1.0,0.0,0.152,64088,0.0894,0.0036,4.4277,0.0,0.486,-0.3095,numerical,0.5278,0.1791,0.4062,dt,impute_mode
wine,volatile acidity,1599,5,1.0,0.0,0.152,64088,0.0894,0.0036,4.4277,0.0,0.486,-0.3095,numerical,0.5278,0.1791,0.3012,dt,impute_mode
wine,volatile acidity,1599,5,1.0,0.0,0.152,64088,0.0894,0.0036,4.4277,0.0,0.486,-0.3095,numerical,0.5278,0.1791,0.2001,dt,no_impute
wine,volatile acidity,1599,5,1.0,0.0,0.152,64088,0.0894,0.0036,4.4277,0.0,0.486,-0.3095,numerical,0.5278,0.1791,0.1018,dt,impute_mode
wine,volatile acidity,1599,5,1.0,0.0,0.152,64088,0.0894,0.0036,4.4277,0.0,0.486,-0.3095,numerical,0.5278,0.1791,0.4973,lr,impute_ffill
wine,volatile acidity,1599,5,1.0,0.0,0.152,64088,0.0894,0.0036,4.4277,0.0,0.486,-0.3095,numerical,0.5278,0.1791,0.4062,lr,impute_linear_regression
wine,volatile acidity,1599,5,1.0,0.0,0.152,64088,0.0894,0.0036,4.4277,0.0,0.486,-0.3095,numerical,0.5278,0.1791,0.3012,lr,impute_ffill
wine,volatile acidity,1599,5,1.0,0.0,0.152,64088,0.0894,0.0036,4.4277,0.0,0.486,-0.3095,numerical,0.5278,0.1791,0.2001,lr,impute_linear_regression
wine,volatile acidity,1599,5,1.0,0.0,0.152,64088,0.0894,0.0036,4.4277,0.0,0.486,-0.3095,numerical,0.5278,0.1791,0.1018,lr,impute_mode
wine,volatile acidity,1599,5,1.0,0.0,0.152,64088,0.0894,0.0036,4.4277,0.0,0.486,-0.3095,numerical,0.5278,0.1791,0.4973,knn,impute_ffill
wine,volatile acidity,1599,5,1.0,0.0,0.152,64088,0.0894,0.0036,4.4277,0.0,0.486,-0.3095,numerical,0.5278,0.1791,0.4062,knn,impute_std
wine,volatile acidity,1599,5,1.0,0.0,0.152,64088,0.0894,0.0036,4.4277,0.0,0.486,-0.3095,numerical,0.5278,0.1791,0.3012,knn,impute_std
wine,volatile acidity,1599,5,1.0,0.0,0.152,64088,0.0894,0.0036,4.4277,0.0,0.486,-0.3095,numerical,0.5278,0.1791,0.2001,knn,impute_mode
wine,volatile acidity,1599,5,1.0,0.0,0.152,64088,0.0894,0.0036,4.4277,0.0,0.486,-0.3095,numerical,0.5278,0.1791,0.1018,knn,impute_ffill
wine,volatile acidity,1599,5,1.0,0.0,0.152,64088,0.0894,0.0036,4.4277,0.0,0.486,-0.3095,numerical,0.5278,0.1791,0.4973,nb,impute_std
wine,volatile acidity,1599,5,1.0,0.0,0.152,64088,0.0894,0.0036,4.4277,0.0,0.486,-0.3095,numerical,0.5278,0.1791,0.4062,nb,impute_ffill
wine,volatile acidity,1599,5,1.0,0.0,0.152,64088,0.0894,0.0036,4.4277,0.0,0.486,-0.3095,numerical,0.5278,0.1791,0.3012,nb,impute_standard
wine,volatile acidity,1599,5,1.0,0.0,0.152,64088,0.0894,0.0036,4.4277,0.0,0.486,-0.3095,numerical,0.5278,0.1791,0.2001,nb,impute_standard
wine,volatile acidity,1599,5,1.0,0.0,0.152,64088,0.0894,0.0036,4.4277,0.0,0.486,-0.3095,numerical,0.5278,0.1791,0.1018,nb,impute_std
car,lug_boot,1728,5,0.0,1.0,0.8877,69248,0.0017,0.0,1.0986,nan,nan,nan,categorical,None,None,0.496,dt,no_impute
car,lug_boot,1728,5,0.0,1.0,0.8877,69248,0.0017,0.0,1.0986,nan,nan,nan,categorical,None,None,0.4055,dt,impute_random
car,lug_boot,1728,5,0.0,1.0,0.8877,69248,0.0017,0.0,1.0986,nan,nan,nan,categorical,None,None,0.3004,dt,no_impute
car,lug_boot,1728,5,0.0,1.0,0.8877,69248,0.0017,0.0,1.0986,nan,nan,nan,categorical,None,None,0.1997,dt,impute_standard
car,lug_boot,1728,5,0.0,1.0,0.8877,69248,0.0017,0.0,1.0986,nan,nan,nan,categorical,None,None,0.1056,dt,no_impute
car,lug_boot,1728,5,0.0,1.0,0.8877,69248,0.0017,0.0,1.0986,nan,nan,nan,categorical,None,None,0.496,lr,impute_bfill
car,lug_boot,1728,5,0.0,1.0,0.8877,69248,0.0017,0.0,1.0986,nan,nan,nan,categorical,None,None,0.4055,lr,impute_bfill
car,lug_boot,1728,5,0.0,1.0,0.8877,69248,0.0017,0.0,1.0986,nan,nan,nan,categorical,None,None,0.3004,lr,impute_bfill
car,lug_boot,1728,5,0.0,1.0,0.8877,69248,0.0017,0.0,1.0986,nan,nan,nan,categorical,None,None,0.1997,lr,impute_bfill
car,lug_boot,1728,5,0.0,1.0,0.8877,69248,0.0017,0.0,1.0986,nan,nan,nan,categorical,None,None,0.1056,lr,impute_bfill
car,lug_boot,1728,5,0.0,1.0,0.8877,69248,0.0017,0.0,1.0986,nan,nan,nan,categorical,None,None,0.496,knn,no_impute
car,lug_boot,1728,5,0.0,1.0,0.8877,69248,0.0017,0.0,1.0986,nan,nan,nan,categorical,None,None,0.4055,knn,no_impute
car,lug_boot,1728,5,0.0,1.0,0.8877,69248,0.0017,0.0,1.0986,nan,nan,nan,categorical,None,None,0.3004,knn,impute_random
car,lug_boot,1728,5,0.0,1.0,0.8877,69248,0.0017,0.0,1.0986,nan,nan,nan,categorical,None,None,0.1997,knn,impute_random
car,lug_boot,1728,5,0.0,1.0,0.8877,69248,0.0017,0.0,1.0986,nan,nan,nan,categorical,None,None,0.1056,knn,impute_standard
car,lug_boot,1728,5,0.0,1.0,0.8877,69248,0.0017,0.0,1.0986,nan,nan,nan,categorical,None,None,0.496,nb,no_impute
car,lug_boot,1728,5,0.0,1.0,0.8877,69248,0.0017,0.0,1.0986,nan,nan,nan,categorical,None,None,0.4055,nb,no_impute
car,lug_boot,1728,5,0.0,1.0,0.8877,69248,0.0017,0.0,1.0986,nan,nan,nan,categorical,None,None,0.3004,nb,no_impute
car,lug_boot,1728,5,0.0,1.0,0.8877,69248,0.0017,0.0,1.0986,nan,nan,nan,categorical,None,None,0.1997,nb,no_impute
car,lug_boot,1728,5,0.0,1.0,0.8877,69248,0.0017,0.0,1.0986,nan,nan,nan,categorical,None,None,0.1056,nb,no_impute
car,doors,1728,5,0.0,1.0,0.8877,69248,0.0017,0.0,1.0986,nan,nan,nan,categorical,None,None,0.496,dt,impute_ffill
car,doors,1728,5,0.0,1.0,0.8877,69248,0.0017,0.0,1.0986,nan,nan,nan,categorical,None,None,0.4055,dt,impute_ffill
car,doors,1728,5,0.0,1.0,0.8877,69248,0.0017,0.0,1.0986,nan,nan,nan,categorical,None,None,0.3004,dt,impute_ffill
car,doors,1728,5,0.0,1.0,0.8877,69248,0.0017,0.0,1.0986,nan,nan,nan,categorical,None,None,0.1997,dt,impute_ffill
car,doors,1728,5,0.0,1.0,0.8877,69248,0.0017,0.0,1.0986,nan,nan,nan,categorical,None,None,0.1056,dt,impute_ffill
car,doors,1728,5,0.0,1.0,0.8877,69248,0.0017,0.0,1.0986,nan,nan,nan,categorical,None,None,0.496,lr,impute_bfill
car,doors,1728,5,0.0,1.0,0.8877,69248,0.0017,0.0,1.0986,nan,nan,nan,categorical,None,None,0.4055,lr,impute_bfill
car,doors,1728,5,0.0,1.0,0.8877,69248,0.0017,0.0,1.0986,nan,nan,nan,categorical,None,None,0.3004,lr,impute_bfill
car,doors,1728,5,0.0,1.0,0.8877,69248,0.0017,0.0,1.0986,nan,nan,nan,categorical,None,None,0.1997,lr,impute_logistic_regression
car,doors,1728,5,0.0,1.0,0.8877,69248,0.0017,0.0,1.0986,nan,nan,nan,categorical,None,None,0.1056,lr,impute_logistic_regression
car,doors,1728,5,0.0,1.0,0.8877,69248,0.0017,0.0,1.0986,nan,nan,nan,categorical,None,None,0.496,knn,impute_ffill
car,doors,1728,5,0.0,1.0,0.8877,69248,0.0017,0.0,1.0986,nan,nan,nan,categorical,None,None,0.4055,knn,impute_ffill
car,doors,1728,5,0.0,1.0,0.8877,69248,0.0017,0.0,1.0986,nan,nan,nan,categorical,None,None,0.3004,knn,impute_ffill
car,doors,1728,5,0.0,1.0,0.8877,69248,0.0017,0.0,1.0986,nan,nan,nan,categorical,None,None,0.1997,knn,impute_ffill
car,doors,1728,5,0.0,1.0,0.8877,69248,0.0017,0.0,1.0986,nan,nan,nan,categorical,None,None,0.1056,knn,impute_ffill
car,doors,1728,5,0.0,1.0,0.8877,69248,0.0017,0.0,1.0986,nan,nan,nan,categorical,None,None,0.496,nb,impute_mode
car,doors,1728,5,0.0,1.0,0.8877,69248,0.0017,0.0,1.0986,nan,nan,nan,categorical,None,None,0.4055,nb,impute_ffill
car,doors,1728,5,0.0,1.0,0.8877,69248,0.0017,0.0,1.0986,nan,nan,nan,categorical,None,None,0.3004,nb,impute_ffill
car,doors,1728,5,0.0,1.0,0.8877,69248,0.0017,0.0,1.0986,nan,nan,nan,categorical,None,None,0.1997,nb,impute_ffill
car,doors,1728,5,0.0,1.0,0.8877,69248,0.0017,0.0,1.0986,nan,nan,nan,categorical,None,None,0.1056,nb,impute_ffill
car,index,1728,5,0.0,1.0,0.8877,69248,0.0023,0.0,1.3863,nan,nan,nan,categorical,None,None,0.496,dt,impute_ffill
car,index,1728,5,0.0,1.0,0.8877,69248,0.0023,0.0,1.3863,nan,nan,nan,categorical,None,None,0.4055,dt,impute_ffill
car,index,1728,5,0.0,1.0,0.8877,69248,0.0023,0.0,1.3863,nan,nan,nan,categorical,None,None,0.3004,dt,impute_ffill
car,index,1728,5,0.0,1.0,0.8877,69248,0.0023,0.0,1.3863,nan,nan,nan,categorical,None,None,0.1997,dt,impute_ffill
car,index,1728,5,0.0,1.0,0.8877,69248,0.0023,0.0,1.3863,nan,nan,nan,categorical,None,None,0.1056,dt,impute_ffill
car,index,1728,5,0.0,1.0,0.8877,69248,0.0023,0.0,1.3863,nan,nan,nan,categorical,None,None,0.496,lr,impute_logistic_regression
car,index,1728,5,0.0,1.0,0.8877,69248,0.0023,0.0,1.3863,nan,nan,nan,categorical,None,None,0.4055,lr,impute_logistic_regression
car,index,1728,5,0.0,1.0,0.8877,69248,0.0023,0.0,1.3863,nan,nan,nan,categorical,None,None,0.3004,lr,impute_standard
car,index,1728,5,0.0,1.0,0.8877,69248,0.0023,0.0,1.3863,nan,nan,nan,categorical,None,None,0.1997,lr,impute_logistic_regression
car,index,1728,5,0.0,1.0,0.8877,69248,0.0023,0.0,1.3863,nan,nan,nan,categorical,None,None,0.1056,lr,impute_standard
car,index,1728,5,0.0,1.0,0.8877,69248,0.0023,0.0,1.3863,nan,nan,nan,categorical,None,None,0.496,knn,impute_ffill
car,index,1728,5,0.0,1.0,0.8877,69248,0.0023,0.0,1.3863,nan,nan,nan,categorical,None,None,0.4055,knn,impute_ffill
car,index,1728,5,0.0,1.0,0.8877,69248,0.0023,0.0,1.3863,nan,nan,nan,categorical,None,None,0.3004,knn,impute_ffill
car,index,1728,5,0.0,1.0,0.8877,69248,0.0023,0.0,1.3863,nan,nan,nan,categorical,None,None,0.1997,knn,impute_bfill
car,index,1728,5,0.0,1.0,0.8877,69248,0.0023,0.0,1.3863,nan,nan,nan,categorical,None,None,0.1056,knn,impute_bfill
car,index,1728,5,0.0,1.0,0.8877,69248,0.0023,0.0,1.3863,nan,nan,nan,categorical,None,None,0.496,nb,no_impute
car,index,1728,5,0.0,1.0,0.8877,69248,0.0023,0.0,1.3863,nan,nan,nan,categorical,None,None,0.4055,nb,no_impute
car,index,1728,5,0.0,1.0,0.8877,69248,0.0023,0.0,1.3863,nan,nan,nan,categorical,None,None,0.3004,nb,no_impute
car,index,1728,5,0.0,1.0,0.8877,69248,0.0023,0.0,1.3863,nan,nan,nan,categorical,None,None,0.1997,nb,no_impute
car,index,1728,5,0.0,1.0,0.8877,69248,0.0023,0.0,1.3863,nan,nan,nan,categorical,None,None,0.1056,nb,impute_ffill
car,buying,1728,5,0.0,1.0,0.8877,69248,0.0023,0.0,1.3863,nan,nan,nan,categorical,None,None,0.496,dt,impute_ffill
car,buying,1728,5,0.0,1.0,0.8877,69248,0.0023,0.0,1.3863,nan,nan,nan,categorical,None,None,0.4055,dt,impute_ffill
car,buying,1728,5,0.0,1.0,0.8877,69248,0.0023,0.0,1.3863,nan,nan,nan,categorical,None,None,0.3004,dt,impute_ffill
car,buying,1728,5,0.0,1.0,0.8877,69248,0.0023,0.0,1.3863,nan,nan,nan,categorical,None,None,0.1997,dt,impute_ffill
car,buying,1728,5,0.0,1.0,0.8877,69248,0.0023,0.0,1.3863,nan,nan,nan,categorical,None,None,0.1056,dt,impute_ffill
car,buying,1728,5,0.0,1.0,0.8877,69248,0.0023,0.0,1.3863,nan,nan,nan,categorical,None,None,0.496,lr,impute_mode
car,buying,1728,5,0.0,1.0,0.8877,69248,0.0023,0.0,1.3863,nan,nan,nan,categorical,None,None,0.4055,lr,impute_knn
car,buying,1728,5,0.0,1.0,0.8877,69248,0.0023,0.0,1.3863,nan,nan,nan,categorical,None,None,0.3004,lr,impute_logistic_regression
car,buying,1728,5,0.0,1.0,0.8877,69248,0.0023,0.0,1.3863,nan,nan,nan,categorical,None,None,0.1997,lr,impute_mode
car,buying,1728,5,0.0,1.0,0.8877,69248,0.0023,0.0,1.3863,nan,nan,nan,categorical,None,None,0.1056,lr,impute_standard
car,buying,1728,5,0.0,1.0,0.8877,69248,0.0023,0.0,1.3863,nan,nan,nan,categorical,None,None,0.496,knn,impute_ffill
car,buying,1728,5,0.0,1.0,0.8877,69248,0.0023,0.0,1.3863,nan,nan,nan,categorical,None,None,0.4055,knn,impute_ffill
car,buying,1728,5,0.0,1.0,0.8877,69248,0.0023,0.0,1.3863,nan,nan,nan,categorical,None,None,0.3004,knn,impute_ffill
car,buying,1728,5,0.0,1.0,0.8877,69248,0.0023,0.0,1.3863,nan,nan,nan,categorical,None,None,0.1997,knn,impute_ffill
car,buying,1728,5,0.0,1.0,0.8877,69248,0.0023,0.0,1.3863,nan,nan,nan,categorical,None,None,0.1056,knn,impute_ffill
car,buying,1728,5,0.0,1.0,0.8877,69248,0.0023,0.0,1.3863,nan,nan,nan,categorical,None,None,0.496,nb,impute_bfill
car,buying,1728,5,0.0,1.0,0.8877,69248,0.0023,0.0,1.3863,nan,nan,nan,categorical,None,None,0.4055,nb,impute_standard
car,buying,1728,5,0.0,1.0,0.8877,69248,0.0023,0.0,1.3863,nan,nan,nan,categorical,None,None,0.3004,nb,impute_bfill
car,buying,1728,5,0.0,1.0,0.8877,69248,0.0023,0.0,1.3863,nan,nan,nan,categorical,None,None,0.1997,nb,impute_ffill
car,buying,1728,5,0.0,1.0,0.8877,69248,0.0023,0.0,1.3863,nan,nan,nan,categorical,None,None,0.1056,nb,impute_standard
users,CT,322,5,0.0,1.0,0.9534,13008,0.0124,5.16,1.2248,nan,nan,nan,categorical,None,None,0.4996,dt,impute_bfill
users,CT,322,5,0.0,1.0,0.9534,13008,0.0124,5.16,1.2248,nan,nan,nan,categorical,None,None,0.4041,dt,impute_bfill
users,CT,322,5,0.0,1.0,0.9534,13008,0.0124,5.16,1.2248,nan,nan,nan,categorical,None,None,0.2861,dt,impute_bfill
users,CT,322,5,0.0,1.0,0.9534,13008,0.0124,5.16,1.2248,nan,nan,nan,categorical,None,None,0.2007,dt,impute_bfill
users,CT,322,5,0.0,1.0,0.9534,13008,0.0124,5.16,1.2248,nan,nan,nan,categorical,None,None,0.1044,dt,impute_bfill
users,CT,322,5,0.0,1.0,0.9534,13008,0.0124,5.16,1.2248,nan,nan,nan,categorical,None,None,0.4996,lr,impute_bfill
users,CT,322,5,0.0,1.0,0.9534,13008,0.0124,5.16,1.2248,nan,nan,nan,categorical,None,None,0.4041,lr,impute_bfill
users,CT,322,5,0.0,1.0,0.9534,13008,0.0124,5.16,1.2248,nan,nan,nan,categorical,None,None,0.2861,lr,impute_bfill
users,CT,322,5,0.0,1.0,0.9534,13008,0.0124,5.16,1.2248,nan,nan,nan,categorical,None,None,0.2007,lr,impute_bfill
users,CT,322,5,0.0,1.0,0.9534,13008,0.0124,5.16,1.2248,nan,nan,nan,categorical,None,None,0.1044,lr,impute_mode
users,CT,322,5,0.0,1.0,0.9534,13008,0.0124,5.16,1.2248,nan,nan,nan,categorical,None,None,0.4996,knn,impute_bfill
users,CT,322,5,0.0,1.0,0.9534,13008,0.0124,5.16,1.2248,nan,nan,nan,categorical,None,None,0.4041,knn,impute_bfill
users,CT,322,5,0.0,1.0,0.9534,13008,0.0124,5.16,1.2248,nan,nan,nan,categorical,None,None,0.2861,knn,impute_bfill
users,CT,322,5,0.0,1.0,0.9534,13008,0.0124,5.16,1.2248,nan,nan,nan,categorical,None,None,0.2007,knn,impute_bfill
users,CT,322,5,0.0,1.0,0.9534,13008,0.0124,5.16,1.2248,nan,nan,nan,categorical,None,None,0.1044,knn,impute_bfill
users,CT,322,5,0.0,1.0,0.9534,13008,0.0124,5.16,1.2248,nan,nan,nan,categorical,None,None,0.4996,nb,impute_knn
users,CT,322,5,0.0,1.0,0.9534,13008,0.0124,5.16,1.2248,nan,nan,nan,categorical,None,None,0.4041,nb,impute_knn
users,CT,322,5,0.0,1.0,0.9534,13008,0.0124,5.16,1.2248,nan,nan,nan,categorical,None,None,0.2861,nb,impute_knn
users,CT,322,5,0.0,1.0,0.9534,13008,0.0124,5.16,1.2248,nan,nan,nan,categorical,None,None,0.2007,nb,impute_knn
users,CT,322,5,0.0,1.0,0.9534,13008,0.0124,5.16,1.2248,nan,nan,nan,categorical,None,None,0.1044,nb,impute_logistic_regression
users,CU,322,5,0.0,1.0,0.9534,13008,0.0124,6.7807,0.6312,nan,nan,nan,categorical,None,None,0.4996,dt,no_impute
users,CU,322,5,0.0,1.0,0.9534,13008,0.0124,6.7807,0.6312,nan,nan,nan,categorical,None,None,0.4041,dt,no_impute
users,CU,322,5,0.0,1.0,0.9534,13008,0.0124,6.7807,0.6312,nan,nan,nan,categorical,None,None,0.2861,dt,no_impute
users,CU,322,5,0.0,1.0,0.9534,13008,0.0124,6.7807,0.6312,nan,nan,nan,categorical,None,None,0.2007,dt,no_impute
users,CU,322,5,0.0,1.0,0.9534,13008,0.0124,6.7807,0.6312,nan,nan,nan,categorical,None,None,0.1044,dt,no_impute
users,CU,322,5,0.0,1.0,0.9534,13008,0.0124,6.7807,0.6312,nan,nan,nan,categorical,None,None,0.4996,lr,impute_bfill
users,CU,322,5,0.0,1.0,0.9534,13008,0.0124,6.7807,0.6312,nan,nan,nan,categorical,None,None,0.4041,lr,impute_bfill
users,CU,322,5,0.0,1.0,0.9534,13008,0.0124,6.7807,0.6312,nan,nan,nan,categorical,None,None,0.2861,lr,impute_bfill
users,CU,322,5,0.0,1.0,0.9534,13008,0.0124,6.7807,0.6312,nan,nan,nan,categorical,None,None,0.2007,lr,impute_bfill
users,CU,322,5,0.0,1.0,0.9534,13008,0.0124,6.7807,0.6312,nan,nan,nan,categorical,None,None,0.1044,lr,impute_bfill
users,CU,322,5,0.0,1.0,0.9534,13008,0.0124,6.7807,0.6312,nan,nan,nan,categorical,None,None,0.4996,knn,impute_knn
users,CU,322,5,0.0,1.0,0.9534,13008,0.0124,6.7807,0.6312,nan,nan,nan,categorical,None,None,0.4041,knn,impute_knn
users,CU,322,5,0.0,1.0,0.9534,13008,0.0124,6.7807,0.6312,nan,nan,nan,categorical,None,None,0.2861,knn,impute_knn
users,CU,322,5,0.0,1.0,0.9534,13008,0.0124,6.7807,0.6312,nan,nan,nan,categorical,None,None,0.2007,knn,impute_knn
users,CU,322,5,0.0,1.0,0.9534,13008,0.0124,6.7807,0.6312,nan,nan,nan,categorical,None,None,0.1044,knn,impute_knn
users,CU,322,5,0.0,1.0,0.9534,13008,0.0124,6.7807,0.6312,nan,nan,nan,categorical,None,None,0.4996,nb,impute_knn
users,CU,322,5,0.0,1.0,0.9534,13008,0.0124,6.7807,0.6312,nan,nan,nan,categorical,None,None,0.4041,nb,impute_knn
users,CU,322,5,0.0,1.0,0.9534,13008,0.0124,6.7807,0.6312,nan,nan,nan,categorical,None,None,0.2861,nb,impute_knn
users,CU,322,5,0.0,1.0,0.9534,13008,0.0124,6.7807,0.6312,nan,nan,nan,categorical,None,None,0.2007,nb,impute_knn
users,CU,322,5,0.0,1.0,0.9534,13008,0.0124,6.7807,0.6312,nan,nan,nan,categorical,None,None,0.1044,nb,impute_logistic_regression
users,LT,322,5,0.0,1.0,0.9534,13008,0.0124,3.5393,1.1595,nan,nan,nan,categorical,None,None,0.4996,dt,no_impute
users,LT,322,5,0.0,1.0,0.9534,13008,0.0124,3.5393,1.1595,nan,nan,nan,categorical,None,None,0.4041,dt,impute_bfill
users,LT,322,5,0.0,1.0,0.9534,13008,0.0124,3.5393,1.1595,nan,nan,nan,categorical,None,None,0.2861,dt,no_impute
users,LT,322,5,0.0,1.0,0.9534,13008,0.0124,3.5393,1.1595,nan,nan,nan,categorical,None,None,0.2007,dt,impute_bfill
users,LT,322,5,0.0,1.0,0.9534,13008,0.0124,3.5393,1.1595,nan,nan,nan,categorical,None,None,0.1044,dt,impute_knn
users,LT,322,5,0.0,1.0,0.9534,13008,0.0124,3.5393,1.1595,nan,nan,nan,categorical,None,None,0.4996,lr,impute_bfill
users,LT,322,5,0.0,1.0,0.9534,13008,0.0124,3.5393,1.1595,nan,nan,nan,categorical,None,None,0.4041,lr,impute_ffill
users,LT,322,5,0.0,1.0,0.9534,13008,0.0124,3.5393,1.1595,nan,nan,nan,categorical,None,None,0.2861,lr,no_impute
users,LT,322,5,0.0,1.0,0.9534,13008,0.0124,3.5393,1.1595,nan,nan,nan,categorical,None,None,0.2007,lr,impute_bfill
users,LT,322,5,0.0,1.0,0.9534,13008,0.0124,3.5393,1.1595,nan,nan,nan,categorical,None,None,0.1044,lr,impute_bfill
users,LT,322,5,0.0,1.0,0.9534,13008,0.0124,3.5393,1.1595,nan,nan,nan,categorical,None,None,0.4996,knn,impute_knn
users,LT,322,5,0.0,1.0,0.9534,13008,0.0124,3.5393,1.1595,nan,nan,nan,categorical,None,None,0.4041,knn,impute_mode
users,LT,322,5,0.0,1.0,0.9534,13008,0.0124,3.5393,1.1595,nan,nan,nan,categorical,None,None,0.2861,knn,impute_mode
users,LT,322,5,0.0,1.0,0.9534,13008,0.0124,3.5393,1.1595,nan,nan,nan,categorical,None,None,0.2007,knn,impute_mode
users,LT,322,5,0.0,1.0,0.9534,13008,0.0124,3.5393,1.1595,nan,nan,nan,categorical,None,None,0.1044,knn,impute_knn
users,LT,322,5,0.0,1.0,0.9534,13008,0.0124,3.5393,1.1595,nan,nan,nan,categorical,None,None,0.4996,nb,impute_logistic_regression
users,LT,322,5,0.0,1.0,0.9534,13008,0.0124,3.5393,1.1595,nan,nan,nan,categorical,None,None,0.4041,nb,impute_logistic_regression
users,LT,322,5,0.0,1.0,0.9534,13008,0.0124,3.5393,1.1595,nan,nan,nan,categorical,None,None,0.2861,nb,impute_logistic_regression
users,LT,322,5,0.0,1.0,0.9534,13008,0.0124,3.5393,1.1595,nan,nan,nan,categorical,None,None,0.2007,nb,impute_logistic_regression
users,LT,322,5,0.0,1.0,0.9534,13008,0.0124,3.5393,1.1595,nan,nan,nan,categorical,None,None,0.1044,nb,impute_logistic_regression
users,TC,322,5,0.0,1.0,0.9534,13008,0.0124,4.0561,1.2812,nan,nan,nan,categorical,None,None,0.4996,dt,impute_bfill
users,TC,322,5,0.0,1.0,0.9534,13008,0.0124,4.0561,1.2812,nan,nan,nan,categorical,None,None,0.4041,dt,impute_bfill
users,TC,322,5,0.0,1.0,0.9534,13008,0.0124,4.0561,1.2812,nan,nan,nan,categorical,None,None,0.2861,dt,impute_bfill
users,TC,322,5,0.0,1.0,0.9534,13008,0.0124,4.0561,1.2812,nan,nan,nan,categorical,None,None,0.2007,dt,impute_bfill
users,TC,322,5,0.0,1.0,0.9534,13008,0.0124,4.0561,1.2812,nan,nan,nan,categorical,None,None,0.1044,dt,impute_bfill
users,TC,322,5,0.0,1.0,0.9534,13008,0.0124,4.0561,1.2812,nan,nan,nan,categorical,None,None,0.4996,lr,impute_bfill
users,TC,322,5,0.0,1.0,0.9534,13008,0.0124,4.0561,1.2812,nan,nan,nan,categorical,None,None,0.4041,lr,impute_bfill
users,TC,322,5,0.0,1.0,0.9534,13008,0.0124,4.0561,1.2812,nan,nan,nan,categorical,None,None,0.2861,lr,impute_bfill
users,TC,322,5,0.0,1.0,0.9534,13008,0.0124,4.0561,1.2812,nan,nan,nan,categorical,None,None,0.2007,lr,impute_bfill
users,TC,322,5,0.0,1.0,0.9534,13008,0.0124,4.0561,1.2812,nan,nan,nan,categorical,None,None,0.1044,lr,impute_bfill
users,TC,322,5,0.0,1.0,0.9534,13008,0.0124,4.0561,1.2812,nan,nan,nan,categorical,None,None,0.4996,knn,impute_bfill
users,TC,322,5,0.0,1.0,0.9534,13008,0.0124,4.0561,1.2812,nan,nan,nan,categorical,None,None,0.4041,knn,impute_bfill
users,TC,322,5,0.0,1.0,0.9534,13008,0.0124,4.0561,1.2812,nan,nan,nan,categorical,None,None,0.2861,knn,impute_bfill
users,TC,322,5,0.0,1.0,0.9534,13008,0.0124,4.0561,1.2812,nan,nan,nan,categorical,None,None,0.2007,knn,impute_bfill
users,TC,322,5,0.0,1.0,0.9534,13008,0.0124,4.0561,1.2812,nan,nan,nan,categorical,None,None,0.1044,knn,impute_bfill
users,TC,322,5,0.0,1.0,0.9534,13008,0.0124,4.0561,1.2812,nan,nan,nan,categorical,None,None,0.4996,nb,impute_knn
users,TC,322,5,0.0,1.0,0.9534,13008,0.0124,4.0561,1.2812,nan,nan,nan,categorical,None,None,0.4041,nb,impute_knn
users,TC,322,5,0.0,1.0,0.9534,13008,0.0124,4.0561,1.2812,nan,nan,nan,categorical,None,None,0.2861,nb,impute_knn
users,TC,322,5,0.0,1.0,0.9534,13008,0.0124,4.0561,1.2812,nan,nan,nan,categorical,None,None,0.2007,nb,impute_knn
users,TC,322,5,0.0,1.0,0.9534,13008,0.0124,4.0561,1.2812,nan,nan,nan,categorical,None,None,0.1044,nb,impute_knn
bank,duration,3074,5,0.8,0.2,0.0,123088,0.2524,0.0001,6.303,0.0,0.0808,-0.0227,numerical,268.5468,269.2971,0.4988,dt,impute_knn
bank,duration,3074,5,0.8,0.2,0.0,123088,0.2524,0.0001,6.303,0.0,0.0808,-0.0227,numerical,268.5468,269.2971,0.4009,dt,impute_mean
bank,duration,3074,5,0.8,0.2,0.0,123088,0.2524,0.0001,6.303,0.0,0.0808,-0.0227,numerical,268.5468,269.2971,0.3099,dt,impute_linear_regression
bank,duration,3074,5,0.8,0.2,0.0,123088,0.2524,0.0001,6.303,0.0,0.0808,-0.0227,numerical,268.5468,269.2971,0.1998,dt,impute_std
bank,duration,3074,5,0.8,0.2,0.0,123088,0.2524,0.0001,6.303,0.0,0.0808,-0.0227,numerical,268.5468,269.2971,0.0999,dt,impute_median
bank,duration,3074,5,0.8,0.2,0.0,123088,0.2524,0.0001,6.303,0.0,0.0808,-0.0227,numerical,268.5468,269.2971,0.4988,lr,impute_mean
bank,duration,3074,5,0.8,0.2,0.0,123088,0.2524,0.0001,6.303,0.0,0.0808,-0.0227,numerical,268.5468,269.2971,0.4009,lr,impute_mean
bank,duration,3074,5,0.8,0.2,0.0,123088,0.2524,0.0001,6.303,0.0,0.0808,-0.0227,numerical,268.5468,269.2971,0.3099,lr,impute_linear_regression
bank,duration,3074,5,0.8,0.2,0.0,123088,0.2524,0.0001,6.303,0.0,0.0808,-0.0227,numerical,268.5468,269.2971,0.1998,lr,impute_linear_regression
bank,duration,3074,5,0.8,0.2,0.0,123088,0.2524,0.0001,6.303,0.0,0.0808,-0.0227,numerical,268.5468,269.2971,0.0999,lr,impute_linear_regression
bank,duration,3074,5,0.8,0.2,0.0,123088,0.2524,0.0001,6.303,0.0,0.0808,-0.0227,numerical,268.5468,269.2971,0.4988,knn,impute_linear_regression
bank,duration,3074,5,0.8,0.2,0.0,123088,0.2524,0.0001,6.303,0.0,0.0808,-0.0227,numerical,268.5468,269.2971,0.4009,knn,impute_knn
bank,duration,3074,5,0.8,0.2,0.0,123088,0.2524,0.0001,6.303,0.0,0.0808,-0.0227,numerical,268.5468,269.2971,0.3099,knn,impute_mode
bank,duration,3074,5,0.8,0.2,0.0,123088,0.2524,0.0001,6.303,0.0,0.0808,-0.0227,numerical,268.5468,269.2971,0.1998,knn,impute_median
bank,duration,3074,5,0.8,0.2,0.0,123088,0.2524,0.0001,6.303,0.0,0.0808,-0.0227,numerical,268.5468,269.2971,0.0999,knn,impute_median
bank,duration,3074,5,0.8,0.2,0.0,123088,0.2524,0.0001,6.303,0.0,0.0808,-0.0227,numerical,268.5468,269.2971,0.4988,nb,impute_standard
bank,duration,3074,5,0.8,0.2,0.0,123088,0.2524,0.0001,6.303,0.0,0.0808,-0.0227,numerical,268.5468,269.2971,0.4009,nb,impute_standard
bank,duration,3074,5,0.8,0.2,0.0,123088,0.2524,0.0001,6.303,0.0,0.0808,-0.0227,numerical,268.5468,269.2971,0.3099,nb,impute_standard
bank,duration,3074,5,0.8,0.2,0.0,123088,0.2524,0.0001,6.303,0.0,0.0808,-0.0227,numerical,268.5468,269.2971,0.1998,nb,impute_standard
bank,duration,3074,5,0.8,0.2,0.0,123088,0.2524,0.0001,6.303,0.0,0.0808,-0.0227,numerical,268.5468,269.2971,0.0999,nb,impute_mode
bank,age,3074,5,0.8,0.2,0.0,123088,0.0215,0.0223,3.6817,0.0,0.0808,-0.0227,numerical,41.2293,10.6912,0.4988,dt,impute_bfill
bank,age,3074,5,0.8,0.2,0.0,123088,0.0215,0.0223,3.6817,0.0,0.0808,-0.0227,numerical,41.2293,10.6912,0.4009,dt,impute_std
bank,age,3074,5,0.8,0.2,0.0,123088,0.0215,0.0223,3.6817,0.0,0.0808,-0.0227,numerical,41.2293,10.6912,0.3099,dt,impute_linear_regression
bank,age,3074,5,0.8,0.2,0.0,123088,0.0215,0.0223,3.6817,0.0,0.0808,-0.0227,numerical,41.2293,10.6912,0.1998,dt,impute_bfill
bank,age,3074,5,0.8,0.2,0.0,123088,0.0215,0.0223,3.6817,0.0,0.0808,-0.0227,numerical,41.2293,10.6912,0.0999,dt,impute_linear_regression
bank,age,3074,5,0.8,0.2,0.0,123088,0.0215,0.0223,3.6817,0.0,0.0808,-0.0227,numerical,41.2293,10.6912,0.4988,lr,impute_mean
bank,age,3074,5,0.8,0.2,0.0,123088,0.0215,0.0223,3.6817,0.0,0.0808,-0.0227,numerical,41.2293,10.6912,0.4009,lr,impute_mean
bank,age,3074,5,0.8,0.2,0.0,123088,0.0215,0.0223,3.6817,0.0,0.0808,-0.0227,numerical,41.2293,10.6912,0.3099,lr,impute_ffill
bank,age,3074,5,0.8,0.2,0.0,123088,0.0215,0.0223,3.6817,0.0,0.0808,-0.0227,numerical,41.2293,10.6912,0.1998,lr,impute_mean
bank,age,3074,5,0.8,0.2,0.0,123088,0.0215,0.0223,3.6817,0.0,0.0808,-0.0227,numerical,41.2293,10.6912,0.0999,lr,impute_mode
bank,age,3074,5,0.8,0.2,0.0,123088,0.0215,0.0223,3.6817,0.0,0.0808,-0.0227,numerical,41.2293,10.6912,0.4988,knn,impute_knn
bank,age,3074,5,0.8,0.2,0.0,123088,0.0215,0.0223,3.6817,0.0,0.0808,-0.0227,numerical,41.2293,10.6912,0.4009,knn,impute_knn
bank,age,3074,5,0.8,0.2,0.0,123088,0.0215,0.0223,3.6817,0.0,0.0808,-0.0227,numerical,41.2293,10.6912,0.3099,knn,impute_mean
bank,age,3074,5,0.8,0.2,0.0,123088,0.0215,0.0223,3.6817,0.0,0.0808,-0.0227,numerical,41.2293,10.6912,0.1998,knn,impute_knn
bank,age,3074,5,0.8,0.2,0.0,123088,0.0215,0.0223,3.6817,0.0,0.0808,-0.0227,numerical,41.2293,10.6912,0.0999,knn,impute_linear_regression
bank,age,3074,5,0.8,0.2,0.0,123088,0.0215,0.0223,3.6817,0.0,0.0808,-0.0227,numerical,41.2293,10.6912,0.4988,nb,impute_knn
bank,age,3074,5,0.8,0.2,0.0,123088,0.0215,0.0223,3.6817,0.0,0.0808,-0.0227,numerical,41.2293,10.6912,0.4009,nb,no_impute
bank,age,3074,5,0.8,0.2,0.0,123088,0.0215,0.0223,3.6817,0.0,0.0808,-0.0227,numerical,41.2293,10.6912,0.3099,nb,impute_median
bank,age,3074,5,0.8,0.2,0.0,123088,0.0215,0.0223,3.6817,0.0,0.0808,-0.0227,numerical,41.2293,10.6912,0.1998,nb,impute_median
bank,age,3074,5,0.8,0.2,0.0,123088,0.0215,0.0223,3.6817,0.0,0.0808,-0.0227,numerical,41.2293,10.6912,0.0999,nb,impute_median
bank,balance,3074,5,0.8,0.2,0.0,123088,0.5917,0.0,6.9959,0.0,0.0808,-0.0227,numerical,1422.1516,2932.9104,0.4988,dt,impute_linear_regression
bank,balance,3074,5,0.8,0.2,0.0,123088,0.5917,0.0,6.9959,0.0,0.0808,-0.0227,numerical,1422.1516,2932.9104,0.4009,dt,impute_random
bank,balance,3074,5,0.8,0.2,0.0,123088,0.5917,0.0,6.9959,0.0,0.0808,-0.0227,numerical,1422.1516,2932.9104,0.3099,dt,impute_mean
bank,balance,3074,5,0.8,0.2,0.0,123088,0.5917,0.0,6.9959,0.0,0.0808,-0.0227,numerical,1422.1516,2932.9104,0.1998,dt,no_impute
bank,balance,3074,5,0.8,0.2,0.0,123088,0.5917,0.0,6.9959,0.0,0.0808,-0.0227,numerical,1422.1516,2932.9104,0.0999,dt,impute_median
bank,balance,3074,5,0.8,0.2,0.0,123088,0.5917,0.0,6.9959,0.0,0.0808,-0.0227,numerical,1422.1516,2932.9104,0.4988,lr,impute_bfill
bank,balance,3074,5,0.8,0.2,0.0,123088,0.5917,0.0,6.9959,0.0,0.0808,-0.0227,numerical,1422.1516,2932.9104,0.4009,lr,impute_std
bank,balance,3074,5,0.8,0.2,0.0,123088,0.5917,0.0,6.9959,0.0,0.0808,-0.0227,numerical,1422.1516,2932.9104,0.3099,lr,impute_std
bank,balance,3074,5,0.8,0.2,0.0,123088,0.5917,0.0,6.9959,0.0,0.0808,-0.0227,numerical,1422.1516,2932.9104,0.1998,lr,impute_random
bank,balance,3074,5,0.8,0.2,0.0,123088,0.5917,0.0,6.9959,0.0,0.0808,-0.0227,numerical,1422.1516,2932.9104,0.0999,lr,impute_std
bank,balance,3074,5,0.8,0.2,0.0,123088,0.5917,0.0,6.9959,0.0,0.0808,-0.0227,numerical,1422.1516,2932.9104,0.4988,knn,impute_random
bank,balance,3074,5,0.8,0.2,0.0,123088,0.5917,0.0,6.9959,0.0,0.0808,-0.0227,numerical,1422.1516,2932.9104,0.4009,knn,no_impute
bank,balance,3074,5,0.8,0.2,0.0,123088,0.5917,0.0,6.9959,0.0,0.0808,-0.0227,numerical,1422.1516,2932.9104,0.3099,knn,impute_random
bank,balance,3074,5,0.8,0.2,0.0,123088,0.5917,0.0,6.9959,0.0,0.0808,-0.0227,numerical,1422.1516,2932.9104,0.1998,knn,impute_std
bank,balance,3074,5,0.8,0.2,0.0,123088,0.5917,0.0,6.9959,0.0,0.0808,-0.0227,numerical,1422.1516,2932.9104,0.0999,knn,no_impute
bank,balance,3074,5,0.8,0.2,0.0,123088,0.5917,0.0,6.9959,0.0,0.0808,-0.0227,numerical,1422.1516,2932.9104,0.4988,nb,impute_std
bank,balance,3074,5,0.8,0.2,0.0,123088,0.5917,0.0,6.9959,0.0,0.0808,-0.0227,numerical,1422.1516,2932.9104,0.4009,nb,impute_bfill
bank,balance,3074,5,0.8,0.2,0.0,123088,0.5917,0.0,6.9959,0.0,0.0808,-0.0227,numerical,1422.1516,2932.9104,0.3099,nb,impute_std
bank,balance,3074,5,0.8,0.2,0.0,123088,0.5917,0.0,6.9959,0.0,0.0808,-0.0227,numerical,1422.1516,2932.9104,0.1998,nb,impute_ffill
bank,balance,3074,5,0.8,0.2,0.0,123088,0.5917,0.0,6.9959,0.0,0.0808,-0.0227,numerical,1422.1516,2932.9104,0.0999,nb,impute_std
bank,day,3074,5,0.8,0.2,0.0,123088,0.0101,0.0023,3.3469,0.0,0.0808,-0.0227,numerical,16.025,8.2435,0.4988,dt,impute_bfill
bank,day,3074,5,0.8,0.2,0.0,123088,0.0101,0.0023,3.3469,0.0,0.0808,-0.0227,numerical,16.025,8.2435,0.4009,dt,impute_std
bank,day,3074,5,0.8,0.2,0.0,123088,0.0101,0.0023,3.3469,0.0,0.0808,-0.0227,numerical,16.025,8.2435,0.3099,dt,impute_bfill
bank,day,3074,5,0.8,0.2,0.0,123088,0.0101,0.0023,3.3469,0.0,0.0808,-0.0227,numerical,16.025,8.2435,0.1998,dt,impute_mode
bank,day,3074,5,0.8,0.2,0.0,123088,0.0101,0.0023,3.3469,0.0,0.0808,-0.0227,numerical,16.025,8.2435,0.0999,dt,impute_knn
bank,day,3074,5,0.8,0.2,0.0,123088,0.0101,0.0023,3.3469,0.0,0.0808,-0.0227,numerical,16.025,8.2435,0.4988,lr,impute_ffill
bank,day,3074,5,0.8,0.2,0.0,123088,0.0101,0.0023,3.3469,0.0,0.0808,-0.0227,numerical,16.025,8.2435,0.4009,lr,impute_ffill
bank,day,3074,5,0.8,0.2,0.0,123088,0.0101,0.0023,3.3469,0.0,0.0808,-0.0227,numerical,16.025,8.2435,0.3099,lr,impute_mode
bank,day,3074,5,0.8,0.2,0.0,123088,0.0101,0.0023,3.3469,0.0,0.0808,-0.0227,numerical,16.025,8.2435,0.1998,lr,impute_standard
bank,day,3074,5,0.8,0.2,0.0,123088,0.0101,0.0023,3.3469,0.0,0.0808,-0.0227,numerical,16.025,8.2435,0.0999,lr,impute_random
bank,day,3074,5,0.8,0.2,0.0,123088,0.0101,0.0023,3.3469,0.0,0.0808,-0.0227,numerical,16.025,8.2435,0.4988,knn,impute_ffill
bank,day,3074,5,0.8,0.2,0.0,123088,0.0101,0.0023,3.3469,0.0,0.0808,-0.0227,numerical,16.025,8.2435,0.4009,knn,impute_bfill
bank,day,3074,5,0.8,0.2,0.0,123088,0.0101,0.0023,3.3469,0.0,0.0808,-0.0227,numerical,16.025,8.2435,0.3099,knn,impute_knn
bank,day,3074,5,0.8,0.2,0.0,123088,0.0101,0.0023,3.3469,0.0,0.0808,-0.0227,numerical,16.025,8.2435,0.1998,knn,impute_bfill
bank,day,3074,5,0.8,0.2,0.0,123088,0.0101,0.0023,3.3469,0.0,0.0808,-0.0227,numerical,16.025,8.2435,0.0999,knn,impute_ffill
bank,day,3074,5,0.8,0.2,0.0,123088,0.0101,0.0023,3.3469,0.0,0.0808,-0.0227,numerical,16.025,8.2435,0.4988,nb,impute_mode
bank,day,3074,5,0.8,0.2,0.0,123088,0.0101,0.0023,3.3469,0.0,0.0808,-0.0227,numerical,16.025,8.2435,0.4009,nb,impute_mode
bank,day,3074,5,0.8,0.2,0.0,123088,0.0101,0.0023,3.3469,0.0,0.0808,-0.0227,numerical,16.025,8.2435,0.3099,nb,impute_ffill
bank,day,3074,5,0.8,0.2,0.0,123088,0.0101,0.0023,3.3469,0.0,0.0808,-0.0227,numerical,16.025,8.2435,0.1998,nb,impute_random
bank,day,3074,5,0.8,0.2,0.0,123088,0.0101,0.0023,3.3469,0.0,0.0808,-0.0227,numerical,16.025,8.2435,0.0999,nb,no_impute
german,Credit_amount,1000,5,0.6,0.4,0.0,40128,0.921,0.0,6.7956,0.0,0.625,-0.0361,numerical,3271.258,2822.7369,0.4997,dt,impute_random
german,Credit_amount,1000,5,0.6,0.4,0.0,40128,0.921,0.0,6.7956,0.0,0.625,-0.0361,numerical,3271.258,2822.7369,0.4003,dt,no_impute
german,Credit_amount,1000,5,0.6,0.4,0.0,40128,0.921,0.0,6.7956,0.0,0.625,-0.0361,numerical,3271.258,2822.7369,0.309,dt,impute_standard
german,Credit_amount,1000,5,0.6,0.4,0.0,40128,0.921,0.0,6.7956,0.0,0.625,-0.0361,numerical,3271.258,2822.7369,0.1952,dt,impute_knn
german,Credit_amount,1000,5,0.6,0.4,0.0,40128,0.921,0.0,6.7956,0.0,0.625,-0.0361,numerical,3271.258,2822.7369,0.1,dt,impute_knn
german,Credit_amount,1000,5,0.6,0.4,0.0,40128,0.921,0.0,6.7956,0.0,0.625,-0.0361,numerical,3271.258,2822.7369,0.4997,lr,impute_standard
german,Credit_amount,1000,5,0.6,0.4,0.0,40128,0.921,0.0,6.7956,0.0,0.625,-0.0361,numerical,3271.258,2822.7369,0.4003,lr,impute_standard
german,Credit_amount,1000,5,0.6,0.4,0.0,40128,0.921,0.0,6.7956,0.0,0.625,-0.0361,numerical,3271.258,2822.7369,0.309,lr,impute_standard
german,Credit_amount,1000,5,0.6,0.4,0.0,40128,0.921,0.0,6.7956,0.0,0.625,-0.0361,numerical,3271.258,2822.7369,0.1952,lr,impute_standard
german,Credit_amount,1000,5,0.6,0.4,0.0,40128,0.921,0.0,6.7956,0.0,0.625,-0.0361,numerical,3271.258,2822.7369,0.1,lr,impute_std
german,Credit_amount,1000,5,0.6,0.4,0.0,40128,0.921,0.0,6.7956,0.0,0.625,-0.0361,numerical,3271.258,2822.7369,0.4997,knn,impute_mode
german,Credit_amount,1000,5,0.6,0.4,0.0,40128,0.921,0.0,6.7956,0.0,0.625,-0.0361,numerical,3271.258,2822.7369,0.4003,knn,impute_mode
german,Credit_amount,1000,5,0.6,0.4,0.0,40128,0.921,0.0,6.7956,0.0,0.625,-0.0361,numerical,3271.258,2822.7369,0.309,knn,impute_mode
german,Credit_amount,1000,5,0.6,0.4,0.0,40128,0.921,0.0,6.7956,0.0,0.625,-0.0361,numerical,3271.258,2822.7369,0.1952,knn,impute_std
german,Credit_amount,1000,5,0.6,0.4,0.0,40128,0.921,0.0,6.7956,0.0,0.625,-0.0361,numerical,3271.258,2822.7369,0.1,knn,impute_mode
german,Credit_amount,1000,5,0.6,0.4,0.0,40128,0.921,0.0,6.7956,0.0,0.625,-0.0361,numerical,3271.258,2822.7369,0.4997,nb,impute_knn
german,Credit_amount,1000,5,0.6,0.4,0.0,40128,0.921,0.0,6.7956,0.0,0.625,-0.0361,numerical,3271.258,2822.7369,0.4003,nb,impute_knn
german,Credit_amount,1000,5,0.6,0.4,0.0,40128,0.921,0.0,6.7956,0.0,0.625,-0.0361,numerical,3271.258,2822.7369,0.309,nb,impute_knn
german,Credit_amount,1000,5,0.6,0.4,0.0,40128,0.921,0.0,6.7956,0.0,0.625,-0.0361,numerical,3271.258,2822.7369,0.1952,nb,impute_linear_regression
german,Credit_amount,1000,5,0.6,0.4,0.0,40128,0.921,0.0,6.7956,0.0,0.625,-0.0361,numerical,3271.258,2822.7369,0.1,nb,impute_knn
german,Age,1000,5,0.6,0.4,0.0,40128,0.053,0.0306,3.6527,0.0,0.625,-0.0361,numerical,35.546,11.3755,0.4997,dt,impute_linear_regression
german,Age,1000,5,0.6,0.4,0.0,40128,0.053,0.0306,3.6527,0.0,0.625,-0.0361,numerical,35.546,11.3755,0.4003,dt,impute_linear_regression
german,Age,1000,5,0.6,0.4,0.0,40128,0.053,0.0306,3.6527,0.0,0.625,-0.0361,numerical,35.546,11.3755,0.309,dt,impute_ffill
german,Age,1000,5,0.6,0.4,0.0,40128,0.053,0.0306,3.6527,0.0,0.625,-0.0361,numerical,35.546,11.3755,0.1952,dt,impute_ffill
german,Age,1000,5,0.6,0.4,0.0,40128,0.053,0.0306,3.6527,0.0,0.625,-0.0361,numerical,35.546,11.3755,0.1,dt,impute_std
german,Age,1000,5,0.6,0.4,0.0,40128,0.053,0.0306,3.6527,0.0,0.625,-0.0361,numerical,35.546,11.3755,0.4997,lr,impute_random
german,Age,1000,5,0.6,0.4,0.0,40128,0.053,0.0306,3.6527,0.0,0.625,-0.0361,numerical,35.546,11.3755,0.4003,lr,impute_ffill
german,Age,1000,5,0.6,0.4,0.0,40128,0.053,0.0306,3.6527,0.0,0.625,-0.0361,numerical,35.546,11.3755,0.309,lr,impute_standard
german,Age,1000,5,0.6,0.4,0.0,40128,0.053,0.0306,3.6527,0.0,0.625,-0.0361,numerical,35.546,11.3755,0.1952,lr,impute_bfill
german,Age,1000,5,0.6,0.4,0.0,40128,0.053,0.0306,3.6527,0.0,0.625,-0.0361,numerical,35.546,11.3755,0.1,lr,impute_standard
german,Age,1000,5,0.6,0.4,0.0,40128,0.053,0.0306,3.6527,0.0,0.625,-0.0361,numerical,35.546,11.3755,0.4997,knn,impute_mode
german,Age,1000,5,0.6,0.4,0.0,40128,0.053,0.0306,3.6527,0.0,0.625,-0.0361,numerical,35.546,11.3755,0.4003,knn,impute_mode
german,Age,1000,5,0.6,0.4,0.0,40128,0.053,0.0306,3.6527,0.0,0.625,-0.0361,numerical,35.546,11.3755,0.309,knn,impute_knn
german,Age,1000,5,0.6,0.4,0.0,40128,0.053,0.0306,3.6527,0.0,0.625,-0.0361,numerical,35.546,11.3755,0.1952,knn,impute_mode
german,Age,1000,5,0.6,0.4,0.0,40128,0.053,0.0306,3.6527,0.0,0.625,-0.0361,numerical,35.546,11.3755,0.1,knn,impute_mode
german,Age,1000,5,0.6,0.4,0.0,40128,0.053,0.0306,3.6527,0.0,0.625,-0.0361,numerical,35.546,11.3755,0.4997,nb,impute_ffill
german,Age,1000,5,0.6,0.4,0.0,40128,0.053,0.0306,3.6527,0.0,0.625,-0.0361,numerical,35.546,11.3755,0.4003,nb,impute_random
german,Age,1000,5,0.6,0.4,0.0,40128,0.053,0.0306,3.6527,0.0,0.625,-0.0361,numerical,35.546,11.3755,0.309,nb,impute_bfill
german,Age,1000,5,0.6,0.4,0.0,40128,0.053,0.0306,3.6527,0.0,0.625,-0.0361,numerical,35.546,11.3755,0.1952,nb,impute_ffill
german,Age,1000,5,0.6,0.4,0.0,40128,0.053,0.0306,3.6527,0.0,0.625,-0.0361,numerical,35.546,11.3755,0.1,nb,impute_standard
german,Duration,1000,5,0.6,0.4,0.0,40128,0.033,0.0916,2.6095,0.0,0.625,-0.0361,numerical,20.903,12.0588,0.4997,dt,no_impute
german,Duration,1000,5,0.6,0.4,0.0,40128,0.033,0.0916,2.6095,0.0,0.625,-0.0361,numerical,20.903,12.0588,0.4003,dt,impute_median
german,Duration,1000,5,0.6,0.4,0.0,40128,0.033,0.0916,2.6095,0.0,0.625,-0.0361,numerical,20.903,12.0588,0.309,dt,impute_mode
german,Duration,1000,5,0.6,0.4,0.0,40128,0.033,0.0916,2.6095,0.0,0.625,-0.0361,numerical,20.903,12.0588,0.1952,dt,impute_linear_regression
german,Duration,1000,5,0.6,0.4,0.0,40128,0.033,0.0916,2.6095,0.0,0.625,-0.0361,numerical,20.903,12.0588,0.1,dt,impute_knn
german,Duration,1000,5,0.6,0.4,0.0,40128,0.033,0.0916,2.6095,0.0,0.625,-0.0361,numerical,20.903,12.0588,0.4997,lr,impute_std
german,Duration,1000,5,0.6,0.4,0.0,40128,0.033,0.0916,2.6095,0.0,0.625,-0.0361,numerical,20.903,12.0588,0.4003,lr,impute_knn
german,Duration,1000,5,0.6,0.4,0.0,40128,0.033,0.0916,2.6095,0.0,0.625,-0.0361,numerical,20.903,12.0588,0.309,lr,impute_linear_regression
german,Duration,1000,5,0.6,0.4,0.0,40128,0.033,0.0916,2.6095,0.0,0.625,-0.0361,numerical,20.903,12.0588,0.1952,lr,impute_std
german,Duration,1000,5,0.6,0.4,0.0,40128,0.033,0.0916,2.6095,0.0,0.625,-0.0361,numerical,20.903,12.0588,0.1,lr,impute_linear_regression
german,Duration,1000,5,0.6,0.4,0.0,40128,0.033,0.0916,2.6095,0.0,0.625,-0.0361,numerical,20.903,12.0588,0.4997,knn,impute_knn
german,Duration,1000,5,0.6,0.4,0.0,40128,0.033,0.0916,2.6095,0.0,0.625,-0.0361,numerical,20.903,12.0588,0.4003,knn,impute_std
german,Duration,1000,5,0.6,0.4,0.0,40128,0.033,0.0916,2.6095,0.0,0.625,-0.0361,numerical,20.903,12.0588,0.309,knn,impute_knn
german,Duration,1000,5,0.6,0.4,0.0,40128,0.033,0.0916,2.6095,0.0,0.625,-0.0361,numerical,20.903,12.0588,0.1952,knn,impute_linear_regression
german,Duration,1000,5,0.6,0.4,0.0,40128,0.033,0.0916,2.6095,0.0,0.625,-0.0361,numerical,20.903,12.0588,0.1,knn,impute_knn
german,Duration,1000,5,0.6,0.4,0.0,40128,0.033,0.0916,2.6095,0.0,0.625,-0.0361,numerical,20.903,12.0588,0.4997,nb,impute_knn
german,Duration,1000,5,0.6,0.4,0.0,40128,0.033,0.0916,2.6095,0.0,0.625,-0.0361,numerical,20.903,12.0588,0.4003,nb,impute_std
german,Duration,1000,5,0.6,0.4,0.0,40128,0.033,0.0916,2.6095,0.0,0.625,-0.0361,numerical,20.903,12.0588,0.309,nb,impute_bfill
german,Duration,1000,5,0.6,0.4,0.0,40128,0.033,0.0916,2.6095,0.0,0.625,-0.0361,numerical,20.903,12.0588,0.1952,nb,impute_median
german,Duration,1000,5,0.6,0.4,0.0,40128,0.033,0.0916,2.6095,0.0,0.625,-0.0361,numerical,20.903,12.0588,0.1,nb,impute_linear_regression
german,Purpose,1000,5,0.6,0.4,0.0,40128,0.008,1.5969,1.6158,0.0,0.625,-0.0361,categorical,None,None,0.4997,dt,impute_random
german,Purpose,1000,5,0.6,0.4,0.0,40128,0.008,1.5969,1.6158,0.0,0.625,-0.0361,categorical,None,None,0.4003,dt,impute_random
german,Purpose,1000,5,0.6,0.4,0.0,40128,0.008,1.5969,1.6158,0.0,0.625,-0.0361,categorical,None,None,0.309,dt,impute_bfill
german,Purpose,1000,5,0.6,0.4,0.0,40128,0.008,1.5969,1.6158,0.0,0.625,-0.0361,categorical,None,None,0.1952,dt,impute_bfill
german,Purpose,1000,5,0.6,0.4,0.0,40128,0.008,1.5969,1.6158,0.0,0.625,-0.0361,categorical,None,None,0.1,dt,impute_knn
german,Purpose,1000,5,0.6,0.4,0.0,40128,0.008,1.5969,1.6158,0.0,0.625,-0.0361,categorical,None,None,0.4997,lr,impute_ffill
german,Purpose,1000,5,0.6,0.4,0.0,40128,0.008,1.5969,1.6158,0.0,0.625,-0.0361,categorical,None,None,0.4003,lr,impute_mode
german,Purpose,1000,5,0.6,0.4,0.0,40128,0.008,1.5969,1.6158,0.0,0.625,-0.0361,categorical,None,None,0.309,lr,impute_standard
german,Purpose,1000,5,0.6,0.4,0.0,40128,0.008,1.5969,1.6158,0.0,0.625,-0.0361,categorical,None,None,0.1952,lr,impute_standard
german,Purpose,1000,5,0.6,0.4,0.0,40128,0.008,1.5969,1.6158,0.0,0.625,-0.0361,categorical,None,None,0.1,lr,impute_mode
german,Purpose,1000,5,0.6,0.4,0.0,40128,0.008,1.5969,1.6158,0.0,0.625,-0.0361,categorical,None,None,0.4997,knn,impute_standard
german,Purpose,1000,5,0.6,0.4,0.0,40128,0.008,1.5969,1.6158,0.0,0.625,-0.0361,categorical,None,None,0.4003,knn,impute_bfill
german,Purpose,1000,5,0.6,0.4,0.0,40128,0.008,1.5969,1.6158,0.0,0.625,-0.0361,categorical,None,None,0.309,knn,impute_bfill
german,Purpose,1000,5,0.6,0.4,0.0,40128,0.008,1.5969,1.6158,0.0,0.625,-0.0361,categorical,None,None,0.1952,knn,impute_standard
german,Purpose,1000,5,0.6,0.4,0.0,40128,0.008,1.5969,1.6158,0.0,0.625,-0.0361,categorical,None,None,0.1,knn,impute_standard
german,Purpose,1000,5,0.6,0.4,0.0,40128,0.008,1.5969,1.6158,0.0,0.625,-0.0361,categorical,None,None,0.4997,nb,impute_mode
german,Purpose,1000,5,0.6,0.4,0.0,40128,0.008,1.5969,1.6158,0.0,0.625,-0.0361,categorical,None,None,0.4003,nb,no_impute
german,Purpose,1000,5,0.6,0.4,0.0,40128,0.008,1.5969,1.6158,0.0,0.625,-0.0361,categorical,None,None,0.309,nb,no_impute
german,Purpose,1000,5,0.6,0.4,0.0,40128,0.008,1.5969,1.6158,0.0,0.625,-0.0361,categorical,None,None,0.1952,nb,impute_logistic_regression
german,Purpose,1000,5,0.6,0.4,0.0,40128,0.008,1.5969,1.6158,0.0,0.625,-0.0361,categorical,None,None,0.1,nb,impute_mode
